Type,Air temperature [K],Process temperature [K],Rotational speed [rpm],Torque [Nm],Tool wear [min],Machine failure,TWF,HDF,PWF,OSF,RNF
L,303.9,312.8,1345,56.5,21,1,0,0,0,0,0
L,302.5,310.4,1307,54.8,174,1,0,1,0,0,0
M,300.7,309.7,1878,27.9,20,1,0,0,0,0,0
L,297.3,308.6,1258,61.8,144,1,0,0,0,1,0
L,303.0,311.3,1341,51.0,174,1,0,1,0,0,0
M,301.8,310.6,1378,48.3,62,1,0,1,0,0,0
L,301.9,311.1,1374,59.8,228,1,0,0,1,1,0
L,297.3,308.2,1396,52.6,212,1,1,0,0,0,0
L,300.8,310.7,1362,59.1,203,1,0,0,0,1,0
M,300.9,309.4,1422,62.4,113,1,0,1,0,0,0
L,302.0,310.6,1296,67.1,5,1,0,1,0,0,0
L,301.4,310.5,1359,51.2,196,1,0,0,0,0,0
L,303.1,311.2,1373,48.8,212,1,0,0,0,1,0
M,303.0,312.3,1488,71.3,175,1,0,0,1,0,0
M,300.6,309.4,1367,63.2,2,1,0,0,1,0,0
L,299.0,310.4,1536,49.1,15,1,0,0,0,0,0
M,302.4,310.1,1372,47.8,61,1,0,1,0,0,0
L,297.2,307.9,1381,62.4,172,1,0,0,0,1,0
L,301.8,310.9,1363,46.5,17,1,0,1,0,0,0
H,302.0,310.8,1376,48.6,197,1,1,1,0,0,0
L,298.2,308.6,1268,68.2,81,1,0,0,1,0,0
M,301.9,310.5,1543,34.6,86,1,0,0,0,0,0
L,303.0,311.2,1346,48.0,69,1,0,1,0,0,0
L,299.1,310.1,1335,48.8,204,1,0,0,0,1,0
L,303.4,311.4,1337,51.1,9,1,0,1,0,0,0
L,302.4,310.2,1331,57.3,2,1,0,1,0,0,0
L,302.6,310.4,1565,35.0,171,1,0,1,0,0,0
L,302.2,310.7,1270,55.7,159,1,0,1,0,0,0
L,298.4,309.6,1710,52.7,163,1,0,0,0,1,0
H,300.6,309.4,1380,47.6,246,1,0,0,0,0,0
L,302.0,310.8,1571,37.0,227,1,1,0,0,0,0
L,302.8,311.1,1353,52.3,81,1,0,1,0,0,0
M,302.5,311.4,1629,31.7,225,1,0,0,0,0,0
M,302.6,310.5,1357,54.3,204,1,0,1,0,0,0
M,302.5,311.0,1298,68.0,111,1,0,1,0,0,0
H,302.4,310.2,1368,51.5,31,1,0,1,0,0,0
L,298.7,310.4,1365,49.1,226,1,0,0,0,1,0
L,299.4,309.0,1343,72.6,92,1,0,0,0,1,0
L,296.4,307.4,2833,5.6,213,1,0,0,0,0,0
L,299.6,309.1,1336,58.1,217,1,0,0,0,1,0
L,300.8,310.7,1386,63.5,76,1,0,0,1,0,0
M,302.6,310.2,1382,53.6,79,1,0,1,0,0,0
L,300.7,311.5,1452,59.1,19,1,0,0,1,0,0
H,302.3,310.2,1391,49.5,42,1,0,1,0,0,0
L,297.2,308.1,1269,56.8,200,1,0,0,0,1,0
L,302.4,311.2,1402,59.1,127,1,0,0,1,0,0
L,299.1,310.2,1317,46.0,119,1,0,0,0,0,0
L,302.8,311.0,1356,48.2,85,1,0,1,0,0,0
M,299.5,309.1,1320,67.5,5,1,0,0,0,1,0
M,302.1,311.0,1574,34.1,215,1,0,0,0,0,0
M,301.8,310.1,1553,35.8,217,1,1,0,0,0,0
L,302.0,310.4,1397,62.9,110,1,0,0,0,1,0
L,300.6,310.3,1429,47.8,208,1,0,0,0,0,0
M,302.4,311.1,1326,62.5,161,1,0,0,0,0,0
M,302.4,310.1,2861,4.0,200,1,0,0,1,0,0
M,300.0,310.2,1365,44.8,204,1,1,0,0,0,0
L,297.2,308.1,1399,58.7,210,1,0,0,0,1,0
M,301.8,310.2,1379,54.2,215,1,0,1,0,0,0
L,302.4,310.1,1465,45.5,7,1,0,0,0,0,0
M,302.2,310.6,1501,66.7,101,1,0,0,1,0,0
L,302.5,310.2,1359,46.8,148,1,0,1,0,0,0
M,296.2,306.8,1335,60.2,134,1,0,0,0,0,0
M,302.5,311.9,1308,52.0,45,1,0,1,0,0,0
L,298.3,309.5,2153,15.3,93,1,0,0,1,0,0
L,300.6,310.4,1416,61.8,209,1,0,0,0,0,0
M,303.0,311.1,1399,53.7,117,1,0,1,0,0,0
L,302.3,311.3,1362,56.8,126,1,0,1,0,0,0
L,301.9,309.6,1350,62.9,225,1,0,1,0,0,0
L,302.4,312.0,1364,49.9,54,1,0,0,0,0,0
L,297.0,307.7,1377,62.3,105,1,0,0,0,1,0
L,299.1,308.5,1318,56.8,0,1,0,0,0,0,0
L,301.8,310.0,1286,62.9,9,1,0,1,0,0,0
L,300.3,311.2,1381,44.4,202,1,0,0,0,1,0
M,298.5,308.5,2678,10.7,86,1,0,0,0,0,0
H,302.6,310.2,1873,21.3,87,1,0,1,0,0,0
L,302.4,311.0,1359,44.7,181,1,0,1,0,0,0
L,297.7,308.5,1662,56.7,79,1,0,0,0,1,0
L,302.0,310.6,1361,55.6,182,1,0,1,0,0,0
L,299.0,310.0,1367,55.7,201,1,0,0,0,1,0
L,303.2,311.4,1238,56.2,226,1,0,0,0,1,0
M,302.5,310.3,1326,54.0,186,1,0,1,0,0,0
L,300.2,311.4,1353,51.0,40,1,0,0,0,1,0
L,302.2,310.6,1436,47.5,192,1,0,1,0,0,0
L,303.4,311.9,1435,47.0,217,1,0,0,0,1,0
L,302.3,311.7,1611,38.6,168,1,1,0,0,0,0
L,303.0,311.3,1379,47.7,148,1,0,1,0,1,0
M,302.7,310.6,1349,52.3,12,1,0,1,0,0,0
M,302.1,310.7,1525,47.8,204,1,0,0,0,0,0
L,298.9,309.0,2549,13.0,191,1,0,0,0,1,0
L,303.3,311.8,1354,45.7,107,1,0,1,0,0,0
M,298.4,308.5,1423,10.7,86,1,0,0,1,0,0
L,301.6,310.1,1368,50.7,10,1,0,1,0,0,0
L,302.0,310.8,1495,39.0,235,1,1,0,0,0,0
M,302.5,310.4,1351,52.6,187,1,0,1,0,0,0
L,301.5,310.9,1376,54.6,215,1,0,0,0,1,0
L,298.7,310.1,1340,59.0,112,1,0,0,0,0,0
L,297.0,307.8,1717,56.4,202,1,0,0,0,0,0
L,300.2,311.4,2289,18.4,20,1,0,0,1,0,0
L,301.5,310.7,1359,51.5,207,1,0,0,0,1,0
L,300.5,311.7,1395,41.2,167,1,1,0,0,0,0
H,300.7,310.2,1580,40.7,208,1,1,0,0,1,0
M,297.4,308.9,1449,40.5,204,1,1,0,0,1,0
L,302.0,310.5,1383,50.2,229,1,0,0,0,1,0
L,299.2,310.2,1411,55.0,192,1,0,0,0,0,0
L,302.1,310.9,1356,51.0,111,1,0,1,0,0,0
M,302.4,310.3,1357,54.5,136,1,0,1,0,0,0
L,300.9,310.8,1708,29.1,166,1,0,0,1,0,0
L,302.4,311.0,1326,46.2,190,1,0,1,0,0,0
L,298.9,310.2,1294,65.3,174,1,0,0,0,1,0
L,298.0,309.2,1372,56.6,190,1,0,0,0,1,0
L,300.5,311.8,1524,47.3,111,1,1,0,0,0,0
L,303.9,313.0,1275,57.3,78,1,0,0,0,1,0
L,295.6,306.1,1372,55.6,98,1,0,0,0,0,0
L,302.8,311.1,1374,48.9,78,1,0,1,0,0,0
L,302.4,310.1,1366,50.1,70,1,0,1,0,0,0
M,302.4,310.1,1358,53.6,61,1,0,1,0,0,0
M,298.7,309.2,1382,60.2,195,1,0,0,0,1,0
M,302.0,310.4,1308,55.6,82,1,0,1,0,0,0
M,298.1,308.4,1680,33.7,33,1,0,0,1,0,0
L,299.1,308.8,1445,60.7,191,1,1,0,0,0,0
L,296.9,307.9,1359,57.1,192,1,0,0,0,0,0
L,302.0,310.3,1322,50.7,159,1,0,1,0,0,0
L,297.1,308.4,1274,69.4,202,1,0,0,1,0,0
M,301.4,310.9,1360,63.9,67,1,0,0,1,0,0
L,301.9,310.7,1334,59.6,51,1,0,1,0,0,0
L,296.7,307.7,1399,49.8,195,1,0,0,0,0,0
L,298.2,307.7,1436,67.3,0,1,0,0,0,0,0
L,298.3,309.1,1616,31.1,208,1,1,0,0,0,0
M,301.6,310.6,1350,65.8,104,1,0,0,0,0,0
L,301.9,310.4,1336,58.2,110,1,0,1,0,0,0
L,301.4,310.4,1334,49.2,62,1,0,0,0,0,0
L,302.4,311.0,1346,48.5,193,1,0,1,0,0,0
L,303.0,311.2,1355,61.8,127,1,0,0,0,0,0
L,302.8,310.6,1321,52.3,98,1,0,1,0,0,0
L,302.4,311.5,1372,65.3,64,1,0,0,1,0,0
L,302.4,311.8,1307,55.5,5,1,0,1,0,0,0
L,303.5,311.6,1634,30.4,72,1,0,0,0,0,0
H,302.2,311.4,1369,49.6,0,1,0,1,0,0,0
L,300.1,311.3,2579,12.5,64,1,0,0,0,0,0
L,301.0,310.8,1705,29.4,206,1,1,0,0,0,0
M,303.0,312.3,1304,49.9,77,1,0,1,0,0,0
M,297.4,308.4,1620,38.7,215,1,1,0,0,0,0
L,301.0,311.1,1357,55.3,172,1,0,0,0,1,0
M,303.0,311.2,1222,67.9,137,1,0,1,0,0,0
L,298.1,308.3,1442,71.8,205,1,0,0,1,0,0
M,300.3,311.3,1530,65.2,136,1,0,0,1,0,0
M,302.4,310.1,1366,47.0,107,1,0,1,0,0,0
L,302.5,311.9,1270,69.6,124,1,0,0,1,1,0
M,301.2,310.4,2874,4.2,111,1,0,0,1,0,0
L,298.6,308.4,1326,63.8,166,1,0,0,1,0,0
L,302.3,310.8,1377,47.3,148,1,0,1,0,0,0
L,302.3,311.0,1685,28.1,30,1,0,0,0,0,0
L,298.4,308.1,1712,27.7,218,1,0,0,0,0,0
M,296.9,307.8,1341,50.9,203,1,0,0,0,0,0
L,299.6,310.5,1283,61.0,222,1,0,0,0,1,0
L,297.9,309.8,1336,71.6,31,1,0,0,0,0,0
L,299.5,308.8,1965,20.4,164,1,1,0,0,0,0
L,300.4,311.6,1200,76.6,3,1,1,0,0,0,0
M,302.5,310.5,1349,46.1,42,1,0,1,0,0,0
L,298.3,308.0,1410,59.3,212,1,0,0,0,1,0
L,298.0,308.7,1365,55.7,50,1,0,0,0,1,0
L,303.1,311.3,1384,50.1,210,1,0,1,0,0,0
L,303.9,312.7,1336,61.0,119,1,0,0,0,1,0
L,300.6,309.8,1663,29.1,145,1,0,0,0,0,0
L,303.4,311.8,1471,45.0,205,1,0,0,0,0,0
M,299.3,308.3,1542,37.5,203,1,1,0,0,0,0
L,298.9,309.6,1402,63.2,187,1,0,0,1,1,0
H,301.5,310.6,1335,52.4,33,1,0,0,0,1,0
L,302.2,311.2,1341,56.5,48,1,0,0,0,1,0
M,298.7,309.6,1316,50.4,32,1,0,0,0,0,0
L,300.7,311.6,1335,44.0,194,1,0,0,0,0,0
L,297.3,308.3,1333,48.4,13,1,0,0,0,1,0
L,302.0,311.2,1270,65.3,182,1,1,0,0,0,0
L,302.3,311.1,1336,54.8,61,1,0,1,0,0,0
M,297.5,308.1,1541,72.0,206,1,0,0,0,0,0
M,302.3,310.1,1366,55.0,187,1,0,1,0,0,0
L,300.5,311.8,1434,47.0,214,1,1,0,0,0,0
L,301.7,310.3,1459,35.8,31,1,0,0,0,0,0
L,301.9,310.7,1376,68.6,26,1,0,1,0,0,0
M,301.5,310.7,1359,47.1,115,1,0,0,0,0,0
L,302.5,310.9,1446,43.2,220,1,1,0,0,0,0
L,297.8,308.1,2874,4.8,130,1,0,0,1,0,0
L,299.9,311.3,1399,49.6,208,1,0,0,0,1,0
L,301.7,310.9,1405,46.3,146,1,1,0,0,0,0
L,299.0,308.6,1361,68.6,126,1,0,0,1,0,0
L,299.0,310.0,1309,55.6,213,1,0,0,0,1,0
L,297.3,308.1,1450,36.0,150,1,0,0,0,0,0
L,298.5,308.1,1377,48.6,48,1,0,0,0,1,0
L,300.8,310.7,1339,59.5,203,1,0,0,1,0,0
L,302.0,310.4,1376,54.9,57,1,0,1,0,0,0
L,296.3,307.1,1385,52.4,167,1,0,0,0,1,0
L,302.5,310.2,1353,57.5,148,1,0,1,0,0,0
M,300.8,309.4,1258,68.5,113,1,0,1,0,0,0
L,301.6,310.6,1380,54.4,164,1,0,1,0,0,0
L,300.8,310.1,1362,57.2,189,1,0,0,0,0,0
M,301.9,311.1,2833,5.0,179,1,0,0,1,0,0
L,302.4,310.4,1357,47.2,126,1,0,1,0,0,0
L,302.6,311.1,1391,56.0,161,1,1,0,0,0,0
L,295.6,306.2,1419,55.7,14,1,0,0,0,1,0
M,298.7,310.1,1402,69.7,24,1,0,0,1,0,0
M,300.9,309.4,1342,62.4,113,1,0,1,0,0,0
M,298.0,309.2,1336,64.8,194,1,0,0,0,1,0
L,296.9,307.9,2563,12.3,195,1,0,0,1,0,0
L,300.1,311.2,1466,45.9,62,1,1,0,0,0,0
L,301.5,310.6,1365,57.4,111,1,0,0,0,0,0
L,302.6,312.1,1499,35.0,215,1,1,0,0,0,0
L,299.0,308.5,1353,52.6,159,1,0,0,0,1,0
L,297.6,308.3,1478,42.3,187,1,0,0,1,0,0
L,298.1,308.7,1479,44.9,3,1,1,0,0,0,0
H,302.2,310.9,1366,48.4,130,1,0,1,0,0,0
L,302.4,310.2,1346,45.4,106,1,0,1,0,0,0
L,299.0,308.9,1511,39.3,20,1,1,0,0,0,0
L,302.3,311.1,1470,39.6,97,1,0,0,0,0,0
L,300.8,310.1,1424,61.2,198,1,0,0,1,1,0
M,298.7,309.9,1438,59.1,20,1,0,0,1,0,0
L,302.1,311.0,1351,60.8,191,1,0,0,0,0,0
L,301.0,310.5,1379,57.3,204,1,0,0,1,1,0
L,297.3,308.2,1431,39.3,212,1,0,0,0,0,0
M,302.4,310.1,1379,44.3,107,1,1,0,0,0,0
L,302.0,309.9,1307,57.9,197,1,0,1,0,0,0
L,298.1,308.1,1363,60.8,65,1,0,0,0,1,0
L,299.1,310.2,1317,54.8,231,1,0,0,0,0,0
L,302.7,310.7,1377,53.3,67,1,0,1,0,0,0
L,299.2,310.2,1398,56.2,154,1,0,0,0,1,0
H,298.3,309.1,1362,40.9,162,1,0,0,0,0,0
H,302.7,310.6,1349,57.8,121,1,0,1,0,1,0
L,302.4,310.9,1365,62.9,113,1,0,1,0,0,0
L,300.9,310.7,1339,59.3,201,1,0,0,0,1,0
M,298.1,307.8,1404,47.2,85,1,0,0,0,0,0
L,302.0,309.8,1332,50.2,199,1,0,1,0,0,0
L,302.7,312.2,1346,73.8,56,1,0,0,1,0,0
L,302.9,311.9,1337,56.5,12,1,0,1,0,0,0
L,299.0,310.1,1359,46.3,62,1,0,0,0,1,0
M,301.5,310.5,1523,39.1,204,1,1,0,0,0,0
M,302.9,312.2,1286,65.2,203,1,0,0,0,1,0
L,298.9,310.1,1735,28.9,187,1,1,0,0,0,0
L,298.0,308.7,1414,46.0,209,1,1,0,0,0,0
M,301.4,311.3,1364,50.9,46,1,0,0,0,0,0
L,300.8,310.7,1339,59.1,203,1,0,0,0,0,0
L,296.9,307.8,1316,61.2,200,1,0,0,0,1,0
L,302.3,310.1,1374,48.8,184,1,0,1,0,0,0
L,297.1,308.5,1523,37.1,207,1,0,0,0,0,0
L,303.6,311.7,1384,53.6,62,1,0,1,0,0,0
L,297.6,308.8,2478,13.4,72,1,0,0,1,0,0
L,302.4,310.6,1362,54.8,155,1,0,0,0,0,0
M,302.0,310.5,1361,62.9,143,1,0,0,0,0,0
L,298.6,309.8,1368,51.2,218,1,1,0,0,0,0
L,297.4,308.9,1450,53.6,7,1,0,0,0,1,0
L,300.1,311.4,1384,51.6,194,1,0,0,0,1,0
L,303.7,312.9,1370,47.2,14,1,0,0,0,0,0
L,299.5,309.4,1390,58.8,15,1,0,0,0,0,0
L,299.2,310.4,1387,53.3,114,1,0,0,0,1,0
L,298.8,309.6,1370,56.8,218,1,0,0,0,0,0
L,297.7,308.5,1373,56.7,195,1,0,0,0,1,0
L,299.2,308.8,1342,54.8,195,1,0,0,0,1,0
L,298.5,309.8,1367,55.7,217,1,0,0,0,1,0
L,297.7,308.9,1363,56.2,204,1,0,0,0,1,0
L,302.6,310.2,1330,47.2,179,1,0,1,0,0,0
L,302.2,310.7,1270,68.2,159,1,0,1,1,0,0
L,297.5,308.7,1285,70.2,215,1,0,0,1,0,0
M,297.3,308.0,1338,61.2,37,1,1,0,0,0,0
L,301.7,310.1,1359,51.1,65,1,0,1,0,0,0
M,303.0,311.1,1372,55.2,117,1,0,1,0,0,0
L,301.7,309.6,1352,53.5,227,1,0,1,0,0,0
H,300.2,311.6,1447,48.0,155,1,0,0,0,0,0
L,302.6,310.4,1365,66.8,80,1,0,1,0,0,0
L,300.2,311.5,1489,47.3,128,1,1,0,0,0,0
L,303.0,311.2,1382,50.5,203,1,0,1,0,0,0
L,298.8,310.0,1461,46.5,24,1,0,0,0,0,0
H,302.0,310.6,1336,66.4,119,1,0,0,1,0,0
M,299.6,309.4,1242,70.3,80,1,0,0,1,0,0
L,297.3,308.2,1754,27.9,186,1,1,0,0,0,0
L,298.4,309.3,1578,36.8,114,1,1,0,0,0,0
L,303.0,311.1,1270,62.3,146,1,0,1,0,0,0
L,302.5,311.4,1227,61.5,209,1,0,0,0,1,0
L,299.2,310.4,1362,37.3,213,1,0,0,0,0,0
L,301.0,310.5,1336,57.2,204,1,0,0,0,1,0
M,303.8,312.7,1363,53.3,197,1,0,0,0,1,0
M,302.2,310.6,1346,45.9,166,1,0,1,0,0,0
L,297.1,308.5,1546,44.4,5,1,0,0,0,0,0
L,302.4,310.2,1331,45.5,53,1,0,0,0,0,0
H,302.0,310.5,1358,49.7,139,1,0,1,0,0,0
M,298.3,308.5,2636,12.1,148,1,0,0,1,0,0
L,303.6,311.7,1395,48.4,73,1,0,1,0,0,0
L,302.2,310.9,1360,46.1,88,1,0,1,0,0,0
L,302.0,310.8,1349,51.3,62,1,0,1,0,0,0
L,298.7,309.9,1402,55.8,198,1,0,0,0,1,0
M,301.9,309.6,1437,48.8,218,1,0,0,0,1,0
M,302.6,311.8,1501,42.0,174,1,0,0,0,0,0
M,300.5,310.2,1387,53.2,228,1,0,0,0,1,0
L,302.8,310.6,1404,43.2,203,1,0,1,0,0,0
L,298.5,309.5,1336,57.3,12,1,0,0,0,1,0
L,300.4,311.6,1200,76.6,3,1,0,0,0,0,0
L,302.4,311.1,1378,50.6,127,1,0,1,0,0,0
L,299.0,310.1,1367,53.2,213,1,0,0,0,1,0
L,303.3,311.8,1298,59.4,213,1,0,1,0,0,0
L,297.5,309.4,1318,59.5,10,1,0,0,1,0,0
L,300.1,311.3,2579,12.5,22,1,0,0,0,0,0
L,298.6,308.2,1605,31.6,172,1,0,0,0,0,0
L,300.8,311.1,1286,67.9,123,1,0,0,0,1,0
L,302.3,310.1,1673,29.1,115,1,0,0,0,0,0
L,302.0,311.2,1270,65.3,33,1,0,0,0,0,0
L,302.0,310.0,1378,53.2,178,1,0,1,0,0,0
L,303.3,311.8,1366,50.9,17,1,0,0,0,0,0
L,302.3,311.7,2833,5.7,136,1,0,0,1,0,0
M,303.4,311.8,1316,50.9,69,1,0,0,0,0,0
M,303.7,312.8,2567,12.8,49,1,0,0,1,0,0
L,300.6,310.8,1440,47.4,181,1,1,0,0,0,0
L,304.0,313.6,1365,53.7,200,1,0,0,0,1,0
L,302.5,310.4,1379,41.8,104,1,0,1,0,0,0
L,298.9,310.2,1446,8.8,15,1,0,0,1,0,0
L,297.4,308.3,1475,46.7,222,1,1,0,0,0,0
L,300.2,311.8,1336,72.6,187,1,0,0,1,0,0
L,300.2,311.7,1238,51.4,226,1,0,0,0,1,0
H,303.6,311.8,1386,50.0,54,1,0,1,0,0,0
L,298.8,309.1,1312,65.2,111,1,0,1,0,0,0
M,302.0,309.9,1372,53.0,161,1,0,1,0,0,0
L,299.1,309.8,1550,55.4,217,1,0,0,0,1,0
L,301.0,310.8,1397,48.8,194,1,0,0,0,1,0
H,304.0,313.1,1517,43.1,108,1,0,0,0,0,0
L,298.4,308.3,1433,62.3,179,1,0,0,0,0,0
M,303.3,311.8,1367,47.5,75,1,0,1,0,0,0
L,302.5,310.1,1377,47.2,167,1,0,1,0,0,0
L,303.1,311.4,1377,51.1,200,1,0,1,0,0,0
M,298.8,310.1,1359,56.8,194,1,0,0,0,1,0
L,300.5,311.5,1362,53.9,187,1,0,0,0,1,0
L,298.7,309.9,1181,65.9,203,1,0,0,0,1,0
L,297.4,308.4,1589,34.9,213,1,1,0,0,0,0
L,303.4,311.6,1355,63.9,7,1,0,1,0,0,0
M,302.2,310.6,1346,49.2,184,1,0,1,0,0,0
L,302.9,311.2,1298,68.8,76,1,0,1,1,0,0
L,303.4,312.4,1364,50.5,26,1,0,0,0,0,0
L,302.1,310.4,1376,54.6,174,1,0,1,0,0,0
M,301.7,310.0,1379,45.5,86,1,0,1,0,0,0
L,299.9,311.4,1362,57.2,160,1,0,0,0,0,0
L,300.5,311.8,1524,48.9,214,1,0,0,0,1,0
L,300.5,311.9,1510,40.7,214,1,1,0,0,0,0
L,298.4,309.6,1710,27.3,163,1,0,0,0,0,1
L,303.2,311.4,1336,56.8,226,1,0,1,0,1,0
L,302.0,310.5,1376,44.7,139,1,0,1,0,0,0
L,303.0,310.9,1351,44.5,86,1,0,1,0,0,0
L,302.3,310.1,1368,65.3,22,1,0,1,0,0,0
L,298.4,309.1,1681,29.7,170,1,0,0,0,0,0
M,303.8,312.7,1267,63.4,175,1,0,0,1,0,0
L,299.6,309.4,1395,61.9,189,1,0,0,0,1,0
L,303.5,312.3,1284,70.6,94,1,0,0,1,0,0
H,302.2,310.7,1324,48.9,114,1,0,1,0,0,0
L,302.7,310.5,1397,49.8,197,1,0,1,0,1,0
M,302.3,311.3,1931,62.9,101,1,0,0,0,0,0
L,300.3,310.3,1362,60.3,146,1,0,0,0,1,0
H,303.1,312.6,1323,61.8,159,1,0,0,0,1,0
L,303.4,311.8,1359,56.2,202,1,0,1,0,0,0
L,299.2,310.7,1458,40.2,225,1,1,0,0,0,0
M,303.9,312.9,2886,4.6,189,1,0,0,1,0,0
L,297.4,308.3,1475,39.5,222,1,0,0,0,0,0
L,302.0,311.0,1412,53.1,207,1,0,0,0,1,0
L,302.0,311.0,1376,47.3,227,1,0,1,0,0,0
L,298.4,309.6,1710,28.3,163,1,0,0,0,0,0
L,302.8,310.9,1353,51.0,202,1,0,1,0,0,0
L,303.6,311.8,1471,66.8,148,1,0,0,0,0,0
L,298.4,309.5,2153,15.3,5,1,0,0,1,0,0
L,302.7,310.5,1351,53.9,10,1,0,1,0,0,0
L,304.2,313.0,2874,4.7,155,1,0,0,1,0,0
L,303.2,311.3,1706,29.4,6,1,0,1,0,0,0
L,300.8,310.7,1339,59.1,203,1,1,0,0,0,0
M,299.7,309.3,1680,31.9,221,1,1,0,0,0,0
L,302.5,310.3,1378,54.6,17,1,0,1,0,0,0
L,301.0,310.5,1379,57.4,204,1,0,0,0,0,0
L,299.2,308.5,1372,60.9,202,1,0,0,0,1,0
L,302.7,310.6,1312,55.6,179,1,0,1,0,0,0
M,302.6,310.2,1335,53.5,97,1,0,1,0,0,0
L,299.1,310.0,1441,48.3,210,1,0,0,0,1,0
M,303.6,311.8,1312,47.5,61,1,0,1,0,0,0
L,301.8,309.5,1325,66.9,66,1,0,1,0,1,0
L,298.3,309.4,1549,15.3,59,1,0,0,0,0,0
L,302.6,312.1,1329,61.4,198,1,0,0,0,1,0
L,302.8,311.1,1346,52.3,80,1,0,1,0,0,0
M,301.9,309.6,1349,51.7,201,1,0,1,0,0,0
L,302.4,311.0,1359,50.9,81,1,0,1,0,0,0
L,301.9,310.4,1438,46.7,197,1,0,0,0,1,0
L,302.0,310.4,1336,58.2,119,1,0,1,0,0,0
L,300.9,310.7,1412,57.5,16,1,1,0,0,0,0
L,303.5,312.0,1255,62.0,30,1,0,0,0,0,0
L,301.2,310.1,1429,44.4,40,1,1,0,0,0,0
L,300.2,309.2,1369,53.8,59,1,0,0,0,1,0
L,298.4,309.6,1412,41.8,147,1,0,0,0,0,0
L,301.1,310.1,1405,41.1,189,1,0,0,0,0,0
L,298.4,308.3,1385,41.7,225,1,1,0,0,0,0
L,300.6,311.6,1372,48.0,203,1,1,0,0,0,0
L,302.1,310.4,1325,45.1,208,1,0,1,0,0,0
L,299.0,310.1,1361,59.3,53,1,0,0,0,1,0
L,301.6,310.7,1373,43.9,94,1,0,0,0,0,0
L,297.1,308.1,1615,35.4,217,1,1,0,0,0,0
L,297.5,309.3,1479,61.0,22,1,0,0,1,0,0
L,302.2,310.7,1372,55.4,112,1,0,1,0,0,0
M,302.2,310.7,1362,40.4,154,1,0,1,0,0,0
L,303.6,311.6,1355,51.9,90,1,0,1,0,0,0
L,303.0,311.3,2194,16.5,205,1,0,0,0,0,0
L,302.5,310.3,1334,72.0,151,1,0,1,1,0,0
M,302.9,312.4,1452,50.4,203,1,1,0,0,0,0
L,302.7,312.5,1477,46.3,251,1,0,0,0,1,0
L,295.7,306.2,2270,14.6,149,1,0,0,0,0,0
L,300.4,309.8,1379,54.2,207,1,0,0,0,1,0
L,297.3,308.1,1230,54.8,59,1,0,0,0,1,0
L,301.9,310.5,1373,49.9,13,1,0,1,0,0,0
L,301.0,309.3,2874,4.6,98,1,0,0,1,0,0
M,302.0,309.7,1394,47.7,5,1,0,1,0,0,0
L,302.0,309.9,2421,13.9,71,1,0,0,0,0,0
L,298.4,309.7,1710,35.0,163,1,0,0,0,0,0
L,297.0,307.9,1350,61.0,170,1,0,0,1,0,0
L,301.0,310.5,1389,57.3,204,1,0,0,0,1,0
L,301.9,311.0,1449,48.1,31,1,0,0,0,0,0
L,301.3,310.4,2672,12.8,7,1,0,0,1,0,0
M,299.6,309.4,1243,76.4,83,1,0,0,1,0,0
H,300.5,309.9,1397,45.9,210,1,0,0,0,1,0
L,300.9,310.8,1708,29.1,14,1,0,0,1,0,0
L,303.7,312.2,1363,54.7,94,1,0,0,0,1,0
L,299.3,308.9,1449,44.2,119,1,0,0,0,0,0
L,300.9,310.8,2659,11.4,14,1,0,0,1,0,0
L,298.1,307.8,1313,67.3,67,1,0,0,0,0,0
L,302.1,311.4,1368,52.7,194,1,0,0,0,0,0
M,302.6,311.0,2633,10.7,86,1,0,0,0,0,0
L,303.3,311.5,1355,44.0,45,1,0,1,0,0,0
M,300.0,311.4,1466,29.0,216,1,0,0,0,0,0
L,297.8,307.4,1376,63.0,155,1,0,0,0,1,0
L,300.7,309.6,2153,17.3,222,1,0,0,0,0,0
L,303.4,311.9,1379,55.9,19,1,0,1,0,0,0
M,302.3,311.8,1363,43.3,119,1,0,0,0,0,0
L,299.1,309.8,1398,55.4,217,1,0,0,0,0,0
L,302.8,311.1,1351,52.3,82,1,0,1,0,0,0
L,298.1,307.8,2579,13.0,135,1,0,0,1,0,0
L,302.5,310.2,1306,64.7,64,1,0,1,0,0,0
M,301.9,309.7,1316,49.9,176,1,0,1,0,0,0
M,299.7,310.3,2691,10.2,0,1,0,0,1,0,0
L,297.2,307.9,1326,52.1,179,1,0,0,1,1,0
L,297.3,308.3,1366,48.0,45,1,0,0,0,0,0
L,300.5,311.8,1524,45.8,214,1,1,0,0,0,0
L,303.7,311.7,1384,45.9,187,1,0,1,0,0,0
L,300.7,311.0,1438,49.3,106,1,0,0,0,0,0
L,299.9,309.5,1268,66.7,188,1,0,0,0,1,0
L,300.7,310.4,1327,61.3,203,1,0,0,0,1,0
L,302.6,311.5,1532,36.8,169,1,0,0,0,0,0
L,304.3,313.5,1495,35.7,205,1,1,0,0,0,0
L,303.1,311.2,1313,61.8,98,1,0,1,0,0,0
L,298.7,308.5,2636,12.2,104,1,0,0,1,0,0
M,301.6,310.2,1295,59.1,60,1,0,1,0,0,0
L,302.7,312.2,1450,54.1,213,1,0,0,1,0,0
L,297.4,309.3,1399,59.5,20,1,0,0,1,0,0
L,302.1,310.1,1379,48.8,164,1,0,1,0,0,0
L,302.1,310.6,1372,62.3,68,1,0,1,0,0,0
L,298.5,308.2,1301,66.3,42,1,0,0,0,0,0
M,301.2,310.4,1382,52.3,228,1,0,1,0,0,0
L,303.4,311.8,1364,45.5,195,1,0,1,0,0,0
M,302.7,310.6,1349,51.2,176,1,0,1,0,0,0
M,302.1,310.3,1383,60.5,20,1,0,1,0,0,0
L,303.2,311.5,1363,52.5,228,1,0,1,0,0,0
L,302.0,309.9,1407,52.8,154,1,0,0,0,0,0
L,298.5,308.7,1360,60.9,187,1,0,0,0,0,0
L,302.2,310.6,1357,52.9,161,1,0,1,0,0,0
H,302.1,310.1,2659,12.5,172,1,0,1,1,0,0
L,302.4,310.2,1331,46.7,53,1,0,0,0,0,0
M,302.6,311.0,1377,49.5,111,1,0,1,0,0,0
L,298.0,308.5,1429,37.7,220,1,0,0,0,1,0
M,300.0,311.2,1706,28.8,7,1,0,0,0,0,0
H,302.6,310.4,1324,48.0,182,1,0,1,0,0,0
L,302.5,310.4,1376,42.0,136,1,0,1,0,0,0
L,298.7,309.7,1547,37.4,203,1,1,0,0,0,0
L,301.0,310.6,1493,37.7,206,1,1,0,0,0,0
L,302.7,310.5,1263,67.8,124,1,0,1,0,0,0
H,303.9,312.6,2672,10.8,139,1,0,0,1,0,0
H,302.3,310.9,1366,48.4,198,1,0,1,0,0,0
M,302.1,310.7,1376,56.2,210,1,0,1,0,0,0
L,301.9,310.4,1336,62.4,153,1,0,1,0,0,0
L,295.7,306.2,1446,59.1,149,1,0,0,1,0,0
L,301.4,310.5,1361,54.2,195,1,0,0,0,1,0
M,298.9,308.2,1434,63.6,30,1,0,0,1,0,0
L,301.9,310.3,1326,58.5,55,1,0,1,0,0,0
L,299.7,310.4,1380,49.3,99,1,0,0,0,1,0
L,301.0,310.9,1376,49.3,225,1,0,0,0,0,0
H,302.0,310.5,1379,58.2,97,1,0,1,0,0,0
L,303.5,312.0,1757,29.7,28,1,0,1,0,0,0
L,300.5,310.5,2633,12.2,17,1,1,0,1,0,0
L,302.6,310.3,1299,53.7,87,1,0,1,0,0,0
L,299.5,309.4,1353,49.1,195,1,0,0,0,1,0
L,301.1,310.0,1312,73.6,49,1,0,0,1,0,0
M,301.4,310.8,1410,48.8,202,1,0,0,0,0,0
L,297.9,307.8,1265,65.3,90,1,0,0,1,0,0
L,297.4,308.4,1369,50.6,168,1,0,0,0,0,0
M,297.3,308.3,1351,55.3,207,1,0,0,0,1,0
L,302.4,310.2,1363,51.9,140,1,0,1,0,0,0
L,301.0,310.5,1379,48.8,202,1,0,0,0,0,0
H,303.6,311.7,1363,69.6,18,1,0,0,1,0,0
L,298.7,309.9,1434,48.4,200,1,0,0,0,0,0
L,299.0,310.3,1422,48.8,233,1,0,0,0,0,0
H,297.3,308.8,1419,42.4,23,1,0,0,0,0,0
M,297.4,308.7,1360,50.2,228,1,1,0,0,0,0
L,300.5,310.7,1431,52.9,202,1,0,0,0,0,0
L,303.0,310.3,1361,44.2,114,1,0,1,0,0,0
L,302.5,310.2,1405,47.1,0,1,0,0,0,0,0
L,300.5,310.5,1449,40.5,131,1,0,0,0,0,0
L,299.0,308.6,1365,56.7,114,1,0,0,0,0,0
L,301.7,310.1,1341,50.5,5,1,0,0,0,0,0
M,301.2,310.1,1312,57.6,28,1,0,1,0,0,0
M,302.4,310.1,1412,45.8,93,1,0,0,0,0,0
M,302.4,310.1,1371,45.6,107,1,0,1,0,0,0
L,297.4,308.4,1361,46.2,189,1,0,0,0,0,0
M,301.4,310.9,1359,61.9,163,1,0,0,1,0,0
H,302.1,310.5,1366,48.1,124,1,0,1,0,0,0
L,301.0,310.5,1379,44.7,204,1,0,0,0,1,0
L,298.4,308.2,1431,49.0,216,1,0,0,0,0,0
L,302.5,311.9,1368,57.4,63,1,0,0,0,1,0
L,303.0,311.2,1340,61.7,134,1,0,1,0,0,0
M,302.2,310.4,1356,60.4,167,1,0,1,0,0,0
M,302.2,311.0,1341,56.7,206,1,0,1,0,0,0
L,299.4,310.9,1331,57.0,217,1,0,0,0,0,0
M,300.5,311.9,1418,42.6,209,1,0,0,0,0,0
L,297.6,309.3,1608,30.8,15,1,0,0,0,0,0
M,301.2,310.0,1372,65.9,5,1,0,0,1,0,0
M,302.6,311.0,1351,49.8,141,1,0,1,0,0,0
H,296.8,307.3,1549,35.2,192,1,0,0,0,0,0
L,301.7,310.9,1680,8.0,146,1,0,0,1,0,0
M,302.1,311.4,1340,61.4,62,1,0,1,0,0,0
L,296.9,307.8,1433,49.2,202,1,0,0,0,1,0
L,302.0,310.8,1615,46.3,235,1,1,0,0,0,0
L,301.7,309.5,1298,65.6,229,1,0,1,0,1,0
L,302.0,311.0,1566,37.8,218,1,0,0,0,0,0
L,298.0,308.9,1429,37.7,220,1,1,0,0,0,0
L,302.6,311.6,2678,10.7,10,1,0,0,1,0,0
H,301.7,311.7,1362,59.1,209,1,0,0,0,1,0
L,302.4,310.9,1368,52.9,79,1,0,1,0,0,0
M,303.3,311.5,1396,47.8,107,1,0,0,0,0,0
L,303.6,311.7,1389,52.7,214,1,0,1,0,1,0
L,299.0,310.1,1435,48.8,229,1,0,0,0,1,0
H,297.7,308.9,1330,76.6,203,1,0,0,1,0,0
M,303.6,312.8,2659,11.4,26,1,0,0,0,0,0
L,299.4,310.8,1422,53.9,217,1,0,0,0,0,0
L,302.2,310.6,1286,62.3,109,1,0,1,0,0,0
L,295.6,306.1,1372,55.6,215,1,0,0,0,0,0
L,301.0,310.6,1493,37.8,206,1,1,0,0,1,0
H,301.7,310.5,1388,65.4,176,1,0,1,0,0,0
L,302.0,310.8,1366,55.7,203,1,0,0,0,1,0
L,302.2,310.1,1335,48.6,152,1,0,1,0,0,0
L,303.2,311.4,1238,51.7,226,1,0,1,0,0,0
L,302.2,310.6,1297,62.3,159,1,0,1,0,0,0
L,302.4,311.9,1290,70.0,139,1,0,0,0,0,0
M,302.6,310.5,1336,59.1,153,1,0,1,0,0,0
L,303.0,310.6,1295,61.2,107,1,0,1,0,0,0
M,302.6,311.6,1227,68.2,26,1,0,0,0,0,0
L,300.2,311.6,1352,61.8,171,1,0,0,0,1,0
M,302.3,311.0,1362,45.6,0,1,0,1,0,0,0
L,298.4,309.2,1374,55.8,18,1,0,0,0,1,0
L,303.3,311.5,1301,43.2,78,1,0,1,0,0,0
L,299.6,309.5,1359,55.4,168,1,0,0,0,1,0
L,302.6,312.1,1662,28.4,0,1,0,0,0,0,0
M,299.0,310.0,1337,62.5,146,1,0,0,0,0,0
L,297.8,308.9,1871,25.6,200,1,1,0,1,0,0
L,298.4,308.2,1282,60.7,175,1,0,0,0,1,0
L,298.2,308.7,1436,69.4,85,1,0,0,1,0,0
L,299.2,310.7,1530,35.0,225,1,1,0,0,0,0
M,297.3,308.4,1696,30.5,215,1,1,0,0,0,0
M,303.4,312.1,1306,48.1,92,1,0,1,0,0,0
L,299.2,308.3,1995,20.1,0,1,0,0,0,0,0
L,301.3,310.1,1623,36.1,195,1,1,0,0,0,0
M,301.6,310.2,1394,45.1,54,1,0,1,0,0,0
L,301.8,310.2,1359,46.9,8,1,0,1,0,0,0
L,301.7,310.2,1331,52.0,47,1,0,1,0,0,0
L,299.2,308.4,1480,48.6,142,1,0,0,0,0,0
M,302.1,311.5,1443,45.3,203,1,1,0,0,0,0
L,302.1,310.1,1386,62.3,49,1,0,1,0,0,0
L,301.9,309.7,1366,45.2,0,1,0,1,0,0,0
L,298.4,309.6,1710,27.3,146,1,0,0,0,0,0
L,302.4,311.1,1571,29.8,201,1,1,0,0,0,0
L,300.6,310.3,1484,41.0,213,1,1,0,0,0,0
L,302.6,310.4,1365,54.3,108,1,0,1,0,0,0
M,302.7,310.8,1355,36.1,35,1,0,1,0,0,0
L,297.0,307.8,1315,55.8,200,1,0,0,0,1,0
L,300.8,310.7,1339,35.1,203,1,0,0,0,0,0
L,302.7,310.5,1362,56.3,21,1,0,1,0,0,0
L,299.1,308.3,1325,48.2,204,1,0,0,0,0,0
L,302.4,310.8,1394,45.0,150,1,0,1,0,0,0
L,302.3,310.1,1342,41.2,187,1,0,1,0,0,0
L,297.4,308.3,1372,45.5,207,1,0,0,0,1,0
L,301.6,311.1,1366,45.8,113,1,0,1,0,0,0
L,298.0,309.9,1403,47.7,43,1,0,0,1,0,0
L,299.3,308.9,1258,69.4,100,1,0,0,1,0,0
M,302.2,310.1,1326,61.0,12,1,0,1,0,0,0
L,301.7,311.0,1377,55.1,187,1,0,0,0,1,0
L,297.8,309.0,1403,61.2,0,1,0,0,0,1,0
L,301.4,310.6,1377,56.3,0,1,1,0,0,0,0
L,299.3,308.8,1737,26.9,201,1,0,0,0,1,0
L,298.0,308.7,1405,55.5,215,1,0,0,0,1,0
L,299.0,310.1,1486,62.5,85,1,0,0,0,0,0
H,302.6,311.5,1629,34.4,74,1,0,0,0,0,0
M,300.5,310.2,1571,34.6,228,1,1,0,0,0,0
L,303.0,311.2,1346,52.9,69,1,0,1,0,0,0
L,301.7,311.0,1349,60.6,197,1,0,0,0,1,0
L,302.6,310.3,1245,61.7,177,1,0,0,0,1,0
L,302.3,310.1,1353,55.3,5,1,0,1,0,0,0
M,300.1,310.3,1345,57.1,71,1,0,0,1,0,0
H,302.0,310.7,1679,27.0,222,1,0,1,0,0,0
L,302.5,310.4,1967,20.3,50,1,0,0,0,0,0
H,302.0,310.9,1430,38.8,222,1,1,0,0,0,0
L,303.5,311.8,1366,54.6,30,1,0,1,0,0,0
M,300.8,311.2,1348,58.8,172,1,0,0,1,0,0
L,300.7,310.7,1438,48.5,78,1,0,0,0,0,0
M,299.7,309.2,1431,51.6,75,1,0,0,0,0,0
L,302.6,310.4,1372,52.8,35,1,0,1,0,0,0
L,301.0,311.0,1399,58.0,146,1,0,0,0,1,0
L,302.6,312.1,1288,53.4,0,1,0,0,0,0,0
L,299.1,310.3,1292,55.9,240,1,0,0,0,1,0
H,297.9,307.4,1465,45.1,225,1,0,0,0,0,0
L,303.1,311.2,1368,56.8,111,1,0,1,0,0,0
L,301.5,310.7,1273,48.9,208,1,0,1,0,1,0
L,299.9,310.4,1419,53.7,182,1,0,0,0,1,0
H,302.3,310.9,1636,35.6,130,1,0,0,0,0,0
L,300.3,310.3,1330,56.5,146,1,0,0,0,0,0
L,300.5,309.3,1349,51.5,231,1,1,0,0,1,0
H,295.6,306.0,1396,52.4,0,1,0,0,0,0,0
L,302.0,309.9,1359,53.8,181,1,0,1,0,0,0
L,303.1,311.3,1346,49.9,69,1,0,1,0,0,0
L,302.2,310.5,1330,54.6,9,1,0,1,0,0,0
L,296.9,307.8,1400,57.1,166,1,0,0,0,1,0
L,299.0,310.1,1374,54.0,210,1,0,0,0,1,0
L,302.5,310.8,1370,50.3,20,1,0,1,0,0,0
L,302.6,311.0,1356,39.2,94,1,0,0,0,0,0
L,302.6,310.2,1329,55.1,154,1,0,1,0,0,0
M,302.2,310.5,1317,71.8,134,1,0,1,1,0,0
L,297.0,307.8,1412,52.1,200,1,0,0,0,1,0
L,300.9,310.8,1708,29.1,14,1,0,0,1,0,0
L,300.6,309.9,1365,54.9,171,1,0,0,0,1,0
L,297.2,307.9,1794,75.4,172,1,0,0,0,0,0
L,303.1,311.2,1346,58.2,89,1,0,1,0,0,0
M,301.1,310.9,1396,30.3,12,1,0,0,0,0,0
L,298.2,308.5,1429,37.7,220,1,0,0,0,1,0
L,302.0,310.8,1359,51.0,174,1,0,1,0,0,0
L,299.2,310.3,1371,53.9,231,1,0,0,0,1,0
M,302.6,312.5,1326,49.3,53,1,0,1,0,0,0
L,297.2,307.9,1326,75.4,172,1,0,0,0,1,0
H,302.4,310.3,1348,52.3,97,1,0,1,0,0,0
L,300.1,311.4,1660,31.4,38,1,1,0,0,0,0
M,302.8,310.6,1326,48.1,40,1,0,1,0,0,0
M,302.4,310.1,1361,47.4,54,1,0,1,0,0,0
M,302.6,310.5,1351,52.1,40,1,0,1,0,0,0
L,302.3,310.1,1379,44.6,22,1,0,1,0,0,0
L,302.6,311.0,1366,51.0,99,1,0,1,0,0,0
H,302.3,310.9,1329,49.6,130,1,0,1,0,0,0
L,300.9,310.7,1420,59.1,203,1,0,0,0,1,0
M,303.0,311.2,1361,56.8,171,1,0,1,0,0,0
L,303.5,311.6,1366,46.1,69,1,0,0,0,0,0
L,302.7,311.6,1370,54.0,211,1,0,0,0,1,0
L,301.6,310.6,1358,62.1,214,1,0,0,0,1,0
L,298.6,309.8,1637,36.2,218,1,1,0,0,0,0
M,298.8,310.1,1429,74.5,179,1,0,0,1,1,0
L,302.3,310.7,1362,54.8,213,1,0,1,0,0,0
M,298.0,308.6,1629,28.9,20,1,1,0,0,0,0
L,301.6,310.2,1341,51.2,64,1,0,1,0,0,0
L,302.3,311.8,1348,58.5,212,1,0,1,0,0,0
M,296.4,307.2,1419,62.3,183,1,0,0,1,0,0
M,301.4,310.6,1378,46.5,101,1,0,0,1,0,0
L,299.3,309.1,1356,56.7,189,1,0,0,0,1,0
M,302.2,310.1,1373,46.6,25,1,0,1,0,0,0
L,298.5,308.2,1351,66.3,42,1,0,0,1,0,0
L,302.5,310.5,1361,49.6,0,1,0,1,0,1,0
L,301.9,310.0,1336,61.8,201,1,0,1,0,0,0
L,298.5,308.2,1301,46.2,42,1,0,0,0,0,0
L,298.8,309.8,1437,61.9,144,1,0,0,0,1,0
M,303.4,311.8,1922,23.9,207,1,0,1,0,0,0
L,300.6,310.0,1326,59.4,207,1,0,0,0,1,0
L,301.7,309.8,1349,49.1,94,1,0,1,0,0,0
L,297.0,307.8,1285,70.5,74,1,0,0,1,0,0
L,300.8,310.8,1339,59.1,203,1,0,0,0,1,0
L,302.3,310.9,1351,48.9,148,1,0,1,0,0,0
L,303.1,311.2,1364,44.6,173,1,0,1,0,0,0
L,298.8,308.9,1391,58.9,208,1,1,0,0,0,0
L,297.0,311.4,1359,50.2,153,1,0,0,0,1,0
M,302.6,310.4,1354,54.1,202,1,0,1,0,0,0
L,300.7,310.4,1416,46.6,146,1,0,0,0,0,0
L,301.7,311.2,1822,54.7,204,1,0,0,0,0,0
M,297.6,308.4,1369,53.6,93,1,0,0,0,0,0
M,299.8,311.1,1422,47.3,170,1,0,0,0,0,0
M,302.6,311.6,1227,68.2,57,1,0,0,0,1,0
L,298.6,309.8,2271,16.2,218,1,0,0,0,0,0
L,301.7,310.2,1426,61.4,8,1,0,0,1,0,0
L,300.6,312.0,1366,67.9,3,1,0,0,1,0,0
L,298.8,308.9,1372,56.4,228,1,0,0,0,1,0
M,303.6,311.8,1685,44.8,101,1,0,0,0,0,0
L,297.3,308.4,1365,63.9,69,1,0,0,1,0,0
L,300.5,311.6,1334,53.0,85,1,0,0,0,0,0
M,303.4,311.9,1422,47.6,39,1,0,1,0,0,0
L,302.5,310.2,1378,51.9,119,1,0,1,0,0,0
L,302.7,310.5,1350,54.3,10,1,0,1,0,0,0
L,302.7,310.5,1359,46.7,166,1,0,1,0,0,0
L,300.5,311.2,1270,45.1,208,1,0,0,0,1,0
L,302.7,310.5,1351,41.8,76,1,0,1,0,0,0
L,299.0,310.2,1377,62.5,20,1,0,0,0,0,0
H,302.5,310.8,1356,55.5,101,1,0,1,0,0,0
M,298.5,308.6,1344,53.0,114,1,0,0,1,0,0
L,299.0,310.3,1321,45.8,180,1,0,0,0,0,0
M,302.6,310.5,1340,61.4,56,1,0,1,0,0,0
L,302.7,310.6,1312,51.6,18,1,0,1,0,0,0
L,303.7,313.0,1314,46.9,209,1,0,1,0,0,0
M,299.9,309.3,1284,68.2,204,1,0,0,1,0,0
M,298.0,308.0,1416,38.2,198,1,1,0,0,0,0
H,296.7,307.9,1379,35.6,206,1,1,0,0,0,0
L,302.6,310.3,1375,48.8,105,1,0,1,0,0,0
L,301.0,310.9,1282,27.3,10,1,0,0,0,0,0
L,302.6,310.4,1379,47.2,0,1,0,1,0,0,0
H,303.6,311.8,1271,68.6,14,1,0,0,0,0,0
L,299.0,309.9,1373,55.7,85,1,0,0,0,1,0
L,298.4,309.0,1376,54.6,153,1,0,0,0,0,0
L,301.9,310.9,1567,39.0,214,1,0,0,0,1,0
L,298.2,308.3,1366,68.2,189,1,0,0,1,1,0
L,303.3,311.4,2639,12.5,2,1,0,1,0,0,0
L,298.9,309.8,1270,63.1,216,1,0,0,0,1,0
L,301.4,311.0,1298,51.3,208,1,1,0,0,0,0
L,302.6,310.6,1359,45.5,86,1,0,1,0,0,0
M,300.9,309.4,1342,62.4,113,1,0,0,0,0,0
L,302.9,310.8,1295,51.7,7,1,0,1,0,0,0
L,300.5,311.7,1368,57.9,191,1,0,0,0,1,0
L,302.2,310.6,1348,48.4,26,1,0,1,0,0,0
M,297.4,308.9,1425,58.2,5,1,1,0,0,1,0
H,302.4,311.0,1439,44.5,204,1,1,0,0,0,0
L,298.4,307.4,1379,51.6,193,1,0,0,0,1,0
L,302.1,310.7,1609,35.2,174,1,0,0,0,0,0
L,300.8,310.7,1434,59.1,26,1,0,0,1,0,0
L,300.3,310.3,1362,40.2,206,1,0,0,0,0,0
L,301.1,310.5,1281,57.2,207,1,0,0,0,1,0
L,297.1,308.5,1523,35.5,207,1,1,0,0,0,0
L,301.8,309.7,1379,49.3,229,1,0,1,0,0,0
L,300.2,311.6,1254,71.6,65,1,0,0,1,0,0
L,301.9,310.4,1265,71.7,57,1,0,1,0,0,0
L,302.6,310.5,1341,51.0,181,1,0,1,0,0,0
L,295.6,306.1,1438,55.6,215,1,0,0,0,1,0
M,302.2,311.2,1376,49.8,99,1,0,1,0,0,0
L,300.6,309.6,1290,57.4,119,1,0,0,0,0,0
L,303.4,311.7,1366,50.9,200,1,0,1,0,0,0
L,300.1,311.2,1379,55.2,206,1,0,0,0,1,0
H,302.0,310.7,1382,52.5,101,1,0,1,0,0,0
L,300.5,310.5,1841,24.2,17,1,0,0,0,0,0
L,301.2,311.1,1317,61.4,212,1,0,0,0,1,0
L,302.2,310.6,1340,47.0,112,1,0,1,0,0,0
L,300.4,311.8,1352,55.9,168,1,0,0,0,1,0
L,302.0,310.6,1325,62.0,192,1,0,0,0,1,0
L,303.4,311.8,1479,53.0,74,1,1,0,0,0,0
L,304.4,313.6,1509,35.0,127,1,0,0,0,0,0
L,299.4,310.9,1399,53.8,10,1,0,0,0,1,0
M,300.9,312.1,1347,41.4,193,1,0,0,0,0,0
L,298.1,308.0,1326,48.1,92,1,0,0,0,0,0
L,297.3,308.2,1427,49.2,212,1,0,0,0,1,0
L,299.1,308.8,1433,53.6,207,1,0,0,0,1,0
L,303.4,311.8,1369,56.4,173,1,0,1,0,1,0
L,299.8,309.5,1374,52.1,0,1,0,0,0,1,0
M,297.5,308.0,1663,31.6,195,1,0,0,0,0,0
L,301.9,309.6,1446,48.8,225,1,0,1,0,0,0
L,302.3,310.1,1353,55.8,20,1,0,1,0,0,0
L,302.8,312.2,1450,52.1,213,1,0,0,0,1,0
L,297.6,308.3,1331,61.7,115,1,0,0,0,1,0
L,299.1,310.3,1713,25.7,114,1,0,0,0,0,0
L,297.5,308.9,1336,55.7,119,1,0,0,0,0,0
M,302.5,310.3,1368,51.9,134,1,0,1,0,0,0
L,299.0,310.2,1524,38.6,246,1,1,0,0,0,0
L,300.4,311.8,1320,67.5,0,1,0,0,1,0,0
L,303.8,313.0,1365,59.9,205,1,1,0,0,0,0
L,298.0,307.6,1268,62.5,203,1,0,0,0,1,0
L,300.1,309.6,1340,58.5,100,1,0,0,0,1,0
L,302.1,310.6,1438,44.1,208,1,0,1,0,0,0
L,302.5,310.4,1341,52.9,181,1,0,1,0,0,0
L,302.1,310.1,1348,59.4,176,1,0,1,0,0,0
L,302.7,310.4,1351,41.8,10,1,0,0,0,0,0
H,296.6,307.9,1386,48.4,100,1,0,0,0,0,0
L,303.5,312.0,1365,44.8,208,1,0,0,0,1,0
L,302.7,310.5,1379,41.0,209,1,0,1,0,0,0
L,302.2,310.0,1293,58.5,17,1,0,1,0,0,0
L,303.4,311.4,1374,47.2,232,1,0,1,0,0,0
L,298.4,308.0,1414,51.9,41,1,0,0,0,0,0
L,303.4,312.0,1521,35.9,215,1,0,0,0,0,0
L,301.0,310.8,1296,65.8,20,1,0,0,0,1,0
L,299.2,310.7,1425,49.8,225,1,1,0,0,0,0
L,301.7,310.9,1378,53.7,110,1,0,1,0,0,0
L,298.6,309.0,1372,53.5,2,1,0,0,0,1,0
M,300.3,311.5,2639,11.4,151,1,0,0,0,0,0
L,298.6,309.5,1354,47.1,96,1,0,0,0,0,0
L,303.5,312.1,1349,50.6,114,1,0,0,0,0,0
L,302.2,310.4,1346,52.8,105,1,0,1,0,0,0
L,302.8,310.6,1402,66.8,201,1,0,1,1,1,0
L,297.0,308.1,1568,52.5,94,1,0,0,0,0,0
L,300.1,311.3,1609,12.5,64,1,0,0,1,0,0
L,300.5,310.5,1558,12.2,17,1,0,0,1,0,0
M,303.8,312.9,1368,55.2,215,1,0,0,0,1,0
L,302.4,310.4,1272,54.6,68,1,0,1,0,1,0
L,301.9,310.4,1258,60.7,30,1,0,1,0,0,0
L,302.5,310.4,1323,55.1,176,1,0,1,0,0,0
L,299.3,308.9,1258,69.4,119,1,0,0,0,0,0
L,301.7,310.1,1353,50.8,67,1,0,1,0,0,0
M,301.9,309.7,1436,44.8,204,1,0,0,0,0,0
L,301.8,311.3,1369,56.9,61,1,0,0,0,0,0
M,303.4,311.9,1372,47.9,40,1,0,1,0,0,0
M,301.8,309.9,1363,67.9,182,1,0,1,1,0,0
L,301.1,310.5,1376,55.8,91,1,0,0,0,0,0
L,299.2,309.0,1467,48.8,228,1,0,0,0,1,0
L,302.5,311.0,1348,44.3,188,1,0,1,0,0,0
L,302.0,310.5,1402,45.8,231,1,0,0,0,1,0
L,298.6,309.8,1505,45.7,144,1,0,0,1,0,0
L,299.4,309.0,1281,60.0,213,1,0,0,0,1,0
L,302.3,311.2,2737,8.2,81,1,0,0,1,0,0
L,303.4,311.8,1365,63.5,61,1,0,0,1,0,0
L,300.2,311.5,1323,61.4,207,1,0,0,0,1,0
M,300.3,311.2,1269,65.2,136,1,0,0,1,0,0
L,301.9,311.0,1412,44.0,208,1,1,0,0,0,0
H,297.7,308.9,1359,51.2,158,1,1,0,0,0,0
L,300.0,309.5,1399,39.8,9,1,0,0,0,0,0
L,303.7,312.7,1359,56.8,42,1,0,0,1,0,0
L,302.6,312.1,1544,35.9,215,1,1,0,0,0,0
L,300.7,311.9,1378,48.3,222,1,0,0,0,1,0
L,302.6,312.9,1399,53.4,228,1,0,0,0,1,0
M,302.2,310.7,1364,47.8,213,1,0,1,0,0,0
H,297.8,307.4,1604,36.1,225,1,0,0,0,0,0
L,303.0,311.1,1364,47.6,106,1,0,1,0,0,0
L,303.2,311.4,1351,53.8,8,1,0,0,0,0,0
L,302.3,310.1,1373,55.4,100,1,0,1,0,0,0
L,298.4,309.9,1372,66.7,203,1,0,0,1,1,0
L,302.0,309.9,1386,50.0,2,1,0,1,0,0,0
L,297.2,308.5,1374,48.5,203,1,0,0,0,1,0
M,299.8,309.3,1441,35.1,208,1,1,0,0,0,0
M,303.4,311.2,1238,59.0,207,1,0,1,0,0,0
M,302.8,312.3,1336,63.5,218,1,0,0,1,0,0
L,302.6,312.3,1361,54.8,20,1,0,0,0,1,0
L,297.3,308.3,1396,52.7,212,1,0,0,0,1,0
L,302.0,310.4,1373,56.2,108,1,0,1,0,0,0
L,297.6,309.6,1284,62.8,196,1,0,0,0,1,0
L,302.5,311.9,1295,62.0,134,1,0,0,1,1,0
L,302.5,310.9,1349,34.4,146,1,0,1,0,0,0
L,297.2,308.1,1336,58.2,162,1,0,0,0,1,0
L,297.0,307.8,1315,61.2,200,1,1,0,0,1,0
M,300.3,311.7,1346,60.5,170,1,0,0,0,0,0
M,297.5,308.5,1335,57.3,4,1,0,1,0,0,0
L,297.6,309.7,2440,13.4,2,1,0,0,1,0,0
L,300.5,311.3,1295,67.5,213,1,0,0,1,0,0
M,297.0,308.2,1365,55.7,124,1,0,0,0,1,0
M,297.3,308.4,1605,29.5,20,1,1,0,0,0,0
L,295.6,306.2,1278,65.3,91,1,0,0,0,1,0
L,303.7,313.0,1314,62.4,209,1,0,0,0,1,0
L,302.3,311.8,1555,36.2,168,1,0,0,0,0,0
L,303.5,311.7,1349,52.0,141,1,0,1,0,0,0
L,301.1,310.6,1379,60.7,202,1,0,0,0,1,0
L,302.2,310.6,1372,55.6,161,1,0,1,0,0,0
M,302.2,310.7,1349,48.9,40,1,0,1,0,0,0
M,302.6,311.5,1442,59.8,169,1,0,0,1,0,0
M,298.0,308.7,1377,58.5,179,1,1,0,0,0,0
L,298.9,310.6,1363,51.0,190,1,0,0,0,1,0
L,302.0,310.4,1357,58.0,108,1,0,1,1,0,0
L,302.5,310.4,1452,45.0,113,1,0,0,0,0,0
M,302.4,310.2,1350,55.1,66,1,0,1,0,0,0
L,298.9,310.1,1287,61.9,216,1,0,0,0,1,0
L,301.0,310.8,1375,57.2,20,1,0,0,0,0,0
L,302.4,310.1,1351,41.8,10,1,0,1,0,0,0
L,302.0,310.4,1326,62.3,67,1,0,1,0,0,0
L,301.6,310.1,1454,52.7,70,1,0,0,0,0,0
L,302.0,310.4,1358,58.0,156,1,0,0,0,0,0
L,300.9,310.8,1479,49.2,201,1,0,0,0,1,0
L,303.0,311.3,1399,47.6,210,1,0,1,0,0,0
H,297.3,308.3,1421,48.8,229,1,1,0,0,0,0
L,298.0,308.7,1377,55.1,191,1,0,0,0,1,0
L,301.7,309.9,1317,49.1,2,1,0,1,0,0,0
L,300.7,310.0,1433,62.7,19,1,0,0,0,0,0
M,303.7,312.6,1310,46.5,147,1,0,1,0,0,0
L,302.0,310.3,1370,51.8,220,1,0,0,0,1,0
M,302.4,310.4,1379,49.5,136,1,0,0,0,0,0
H,300.4,309.9,1397,45.9,210,1,1,0,0,0,0
L,299.3,308.8,1419,45.4,208,1,0,0,0,0,0
L,302.1,310.5,1340,55.7,204,1,0,0,0,1,0
L,302.7,310.5,1372,46.3,126,1,0,1,0,0,0
M,298.3,307.7,1310,58.1,119,1,0,0,0,0,0
M,302.7,310.5,1351,48.7,0,1,0,1,0,0,0
L,300.9,312.0,1335,57.2,168,1,0,0,0,0,0
L,303.4,311.8,1375,56.9,59,1,0,1,0,0,0
L,299.1,309.9,1336,56.3,242,1,0,0,0,0,0
L,299.1,308.9,1567,47.2,218,1,0,0,0,0,0
L,297.0,307.8,1303,62.3,200,1,0,0,0,0,0
L,300.8,310.2,1385,46.3,189,1,0,0,0,1,0
M,300.7,309.5,1492,40.2,228,1,1,0,0,0,0
M,303.6,312.8,2659,37.4,26,1,0,0,0,0,0
L,302.2,310.1,1449,48.5,15,1,0,0,0,0,0
L,301.4,310.3,1274,67.6,222,1,0,0,0,1,0
L,301.9,310.4,1331,54.5,117,1,0,1,0,0,0
L,302.0,310.5,1370,65.3,112,1,0,1,0,0,0
M,303.5,311.6,1336,50.7,80,1,0,1,0,0,0
H,300.5,311.2,1397,51.2,2,1,0,0,0,0,0
M,299.3,309.1,1379,40.3,217,1,1,0,0,0,0
M,297.2,308.1,1373,61.3,212,1,0,0,0,1,0
M,302.1,310.5,1355,51.5,126,1,0,1,0,0,0
M,301.4,310.8,2579,12.8,149,1,0,0,1,0,0
L,300.5,309.8,1432,29.1,145,1,0,0,0,0,0
L,302.7,309.6,1346,48.7,9,1,0,1,0,0,0
L,298.3,308.7,1378,54.8,194,1,0,0,0,1,0
L,302.4,310.1,1379,56.8,0,1,0,1,0,0,0
L,297.5,308.4,1475,40.5,222,1,1,0,0,0,0
L,300.9,310.7,1336,58.7,201,1,0,0,0,1,0
L,297.3,308.2,1396,50.3,212,1,0,0,0,1,0
L,298.9,310.6,2638,12.1,187,1,0,0,1,0,0
L,302.6,310.4,1369,47.7,189,1,0,1,0,0,0
H,301.2,310.9,1316,52.3,59,1,1,0,0,0,0
H,300.6,309.4,1380,47.6,13,1,0,0,0,0,0
L,302.5,311.9,1339,49.0,138,1,0,1,0,0,0
L,302.4,311.9,1290,59.0,139,1,0,0,1,0,0
L,298.4,308.9,1402,44.8,201,1,0,0,0,1,0
L,303.8,313.1,2497,53.4,5,1,0,0,0,0,0
L,302.5,310.4,1967,20.3,50,1,0,1,0,0,0
M,302.4,310.1,1357,49.9,119,1,0,1,0,0,0
M,302.8,312.3,1416,46.8,234,1,0,0,0,1,0
L,297.9,309.8,1450,47.9,31,1,0,0,0,0,0
L,297.5,308.3,1475,40.5,137,1,0,0,0,0,0
L,297.4,308.3,1472,37.4,2,1,0,0,0,0,0
L,300.7,310.3,1391,52.6,205,1,0,0,0,1,0
L,298.1,308.2,1284,70.6,192,1,0,0,0,0,0
L,300.4,309.5,1352,57.5,195,1,0,0,0,1,0
L,302.0,310.5,1376,54.4,171,1,0,0,0,1,0
M,303.4,312.6,1482,44.4,73,1,0,0,1,0,0
L,304.0,311.9,1363,54.4,71,1,0,0,0,0,0
L,302.2,311.7,1279,68.2,31,1,0,0,1,0,0
M,301.9,310.6,1419,47.3,20,1,0,0,0,0,0
L,302.0,310.4,1336,58.2,23,1,0,0,1,0,0
L,298.2,308.1,1379,62.3,149,1,0,0,1,0,0
M,302.4,310.2,1354,51.6,12,1,0,1,0,1,0
L,301.1,310.9,1453,67.9,10,1,0,0,1,0,0
H,302.4,311.6,1313,55.8,156,1,0,1,0,0,0
L,297.8,308.5,1278,57.4,197,1,0,0,0,1,0
L,298.9,309.0,1273,66.9,197,1,0,1,1,0,0
M,299.9,309.1,1359,46.9,205,1,0,0,0,0,0
L,297.6,308.6,1282,69.7,196,1,0,0,1,1,0
L,298.4,308.3,1471,61.0,214,1,0,0,0,1,0
M,302.5,310.3,1278,55.6,9,1,0,1,0,0,0
L,298.8,308.5,1369,49.4,137,1,0,0,0,1,0
L,300.8,310.6,1341,44.3,162,1,0,0,0,1,0
M,301.9,310.8,1363,46.6,42,1,0,1,0,0,0
L,298.7,309.9,1477,65.9,203,1,0,0,0,1,0
L,300.9,310.7,1412,57.5,16,1,1,0,1,0,0
L,302.0,310.8,1383,50.3,119,1,0,1,0,0,0
L,300.9,311.9,1372,61.0,53,1,0,0,0,0,0
L,298.4,308.2,1528,36.2,196,1,0,0,0,1,0
M,302.4,310.1,1377,44.7,136,1,0,1,0,0,0
L,302.6,311.0,1366,50.1,114,1,0,1,0,0,0
M,302.9,310.6,1351,55.2,47,1,0,1,0,0,0
M,302.2,310.5,1507,40.4,9,1,0,1,0,0,0
L,301.9,310.4,1353,46.4,119,1,0,1,0,0,0
L,301.4,310.4,1380,39.7,203,1,1,0,0,0,0
L,297.4,308.9,1365,69.7,134,1,0,0,1,0,0
M,297.7,309.0,2133,18.4,74,1,0,0,1,0,0
L,297.8,308.9,1871,25.6,200,1,1,0,1,0,0
H,298.9,310.3,1620,31.8,40,1,0,0,0,0,0
L,298.3,309.0,1405,61.0,90,1,0,0,1,0,0
L,302.7,310.5,1501,40.9,211,1,0,0,0,1,0
M,298.2,307.7,1365,41.3,102,1,0,0,0,0,0
M,301.9,310.9,1321,47.7,20,1,0,1,0,0,0
L,302.6,311.0,1306,61.0,168,1,0,1,0,0,0
L,300.2,310.3,1362,60.3,206,1,0,0,0,1,0
L,301.0,311.2,1212,68.6,64,1,0,0,1,0,0
L,298.4,309.5,2153,15.3,98,1,0,0,0,0,0
L,299.3,309.0,1447,50.4,140,1,0,0,0,1,0
L,300.7,311.1,2478,39.2,170,1,0,0,0,0,0
L,301.7,309.9,1389,47.3,20,1,0,1,0,0,0
M,300.8,309.4,1342,41.2,113,1,1,0,0,0,0
L,299.1,310.1,1317,54.8,231,1,0,0,0,0,0
M,301.8,309.8,1284,68.2,111,1,0,0,1,0,0
L,300.7,310.4,1416,61.8,2,1,0,0,1,1,0
L,300.8,310.8,1339,59.5,203,1,0,0,0,1,0
L,301.7,311.0,1529,41.8,208,1,1,0,0,0,0
H,300.3,311.9,1390,49.0,194,1,0,0,1,0,0
H,302.6,311.6,1472,47.2,228,1,1,0,0,0,0
L,296.7,307.8,1286,60.5,238,1,0,0,0,1,0
M,302.2,310.1,1363,45.1,12,1,0,1,0,0,0
L,300.6,310.3,1372,56.0,213,1,0,0,0,1,0
L,300.3,311.7,1379,54.4,191,1,0,0,0,1,0
H,302.3,311.1,1503,35.3,143,1,0,0,0,0,0
L,297.9,309.8,1282,67.9,20,1,0,0,0,0,0
L,302.1,310.6,1364,45.8,189,1,1,0,0,0,0
M,300.8,309.4,1342,62.4,113,1,0,1,1,0,0
L,303.7,312.6,1316,54.8,92,1,0,1,0,0,0
L,300.5,311.6,1486,58.4,189,1,0,0,0,0,0
L,301.7,311.0,1441,44.3,208,1,1,0,0,1,0
M,302.7,310.6,1349,51.4,86,1,0,1,0,0,0
L,299.0,310.1,1359,56.3,185,1,0,0,0,1,0
M,302.1,310.6,1317,47.8,2,1,0,1,0,0,0
L,300.8,309.7,1346,62.5,179,1,1,0,1,0,0
L,300.8,310.7,1339,59.1,199,1,0,0,0,1,0
M,302.6,310.4,1351,53.0,52,1,0,1,0,0,0
L,297.7,309.1,1368,56.2,212,1,0,0,0,1,0
L,300.3,310.3,1362,53.3,206,1,1,0,0,0,0
L,302.7,312.2,1450,52.1,213,1,0,0,0,0,0
L,302.0,310.8,1374,48.1,229,1,0,1,0,0,0
L,299.7,309.1,1483,41.1,208,1,0,0,0,1,0
M,302.0,310.9,1336,52.7,59,1,0,1,0,0,0
M,300.6,309.4,1258,70.5,124,1,0,0,1,0,0
M,301.9,309.7,1362,65.3,204,1,0,1,0,1,0
L,302.6,310.1,1212,67.5,216,1,0,1,1,1,0
L,302.4,310.7,1362,54.8,218,1,0,1,0,0,0
L,298.8,310.2,2567,12.0,192,1,0,0,1,1,0
M,301.9,310.9,1419,47.7,20,1,0,1,0,0,0
L,298.0,308.7,1629,35.0,189,1,1,0,0,0,0
L,300.6,311.9,1601,35.9,212,1,0,0,0,1,0
M,297.6,308.7,1376,59.9,74,1,0,0,1,0,0
L,299.4,308.6,2691,12.1,90,1,0,0,1,0,0
L,298.8,308.7,1268,69.0,70,1,0,0,1,0,0
L,302.6,310.2,1369,44.9,160,1,0,1,0,0,0
L,298.1,308.7,1371,59.8,197,1,0,0,0,1,0
L,300.2,310.2,1378,60.3,200,1,0,0,0,1,0
M,302.6,310.4,1258,65.3,79,1,0,1,1,0,0
M,302.4,310.6,1340,57.1,156,1,0,1,0,0,0
L,300.3,310.3,1362,60.3,206,1,0,0,0,0,0
L,297.2,308.4,1431,49.7,210,1,0,0,0,0,0
L,302.4,311.0,1360,45.1,161,1,0,1,0,0,0
L,301.4,310.6,2084,18.8,159,1,0,0,0,0,0
M,301.0,309.4,1399,48.0,143,1,0,0,1,0,0
L,298.3,308.0,1366,73.6,101,1,0,0,1,0,0
L,302.4,311.0,1337,48.4,187,1,0,1,0,1,0
L,302.0,310.8,1539,46.4,13,1,0,0,0,0,0
L,302.3,310.7,1314,52.8,8,1,0,1,0,0,0
L,302.4,310.3,1348,49.4,161,1,0,1,0,0,0
L,299.5,308.8,1373,55.7,164,1,0,0,0,1,0
M,298.8,309.7,1382,68.8,62,1,0,0,1,0,0
L,300.1,311.7,1294,55.3,206,1,0,0,0,1,0
L,302.6,310.9,1330,62.9,97,1,0,0,1,0,0
L,303.3,311.8,1373,47.7,59,1,0,1,0,0,0
L,301.8,310.2,2825,5.8,215,1,0,1,0,0,0
H,302.3,310.9,1366,48.4,130,1,0,0,0,0,0
L,302.4,310.1,1349,48.8,189,1,0,1,0,0,0
M,302.7,310.6,1467,56.0,201,1,0,0,0,1,0
L,302.8,310.6,1359,54.5,207,1,0,1,0,1,0
L,303.6,311.7,1346,54.4,64,1,0,1,0,0,0
L,303.3,311.3,1378,54.4,50,1,0,1,0,0,0
L,298.0,308.3,1373,62.4,63,1,0,0,1,0,0
L,300.1,309.5,1464,45.9,30,1,0,0,0,0,0
L,298.4,309.3,1337,56.1,206,1,0,0,0,1,0
L,302.2,310.1,1473,48.1,22,1,0,0,0,0,0
H,302.5,310.9,1694,33.2,101,1,0,1,0,0,0
M,302.5,309.8,1385,45.7,6,1,0,1,0,0,0
M,300.1,309.7,2685,12.7,125,1,0,0,1,0,0
L,301.7,309.5,1298,65.5,229,1,0,1,0,0,0
L,299.4,309.1,1314,57.3,215,1,0,0,0,1,0
H,302.3,311.8,1438,36.3,207,1,1,0,0,0,0
L,302.6,311.6,1238,52.3,37,1,0,1,0,0,0
M,300.5,311.7,1577,37.3,208,1,1,0,0,0,0
L,298.4,308.3,1433,62.3,20,1,0,0,0,0,0
L,298.9,309.6,1368,48.9,187,1,0,0,0,1,0
L,298.3,308.1,1357,50.5,212,1,0,0,0,1,0
L,298.0,308.5,1429,37.7,0,1,0,0,1,0,0
L,302.4,311.1,1377,54.1,207,1,0,1,0,0,0
L,301.4,310.6,1348,51.5,74,1,0,0,0,0,0
L,302.3,310.9,1301,57.2,59,1,0,1,0,0,0
L,298.2,307.6,1803,24.7,209,1,1,0,0,0,0
L,299.2,309.9,1416,44.5,219,1,0,0,0,1,0
M,297.4,308.8,1574,35.8,204,1,1,0,0,0,0
L,302.4,311.7,1227,66.7,126,1,0,1,0,0,0
L,300.7,310.0,2672,12.8,122,1,0,0,1,0,0
H,295.6,306.0,1396,52.4,0,1,0,0,0,1,0
M,296.4,307.4,1429,50.0,210,1,1,0,0,0,0
H,303.7,312.4,1306,54.0,206,1,0,1,0,0,0
L,302.1,310.9,1351,51.1,9,1,0,1,0,0,0
M,301.5,310.7,1336,65.6,210,1,1,0,1,0,0
L,302.6,310.9,1331,52.0,59,1,0,1,0,0,0
L,297.3,308.1,1615,35.4,217,1,0,0,0,1,0
L,297.2,308.1,1348,53.8,202,1,0,0,0,0,0
L,303.1,311.2,1353,48.4,23,1,0,1,0,0,0
L,303.8,313.2,1306,56.8,202,1,0,0,0,1,0
H,303.4,311.6,2564,12.2,172,1,0,0,1,0,0
M,302.4,310.3,1372,49.5,161,1,0,1,0,0,0
L,300.3,310.3,1362,60.3,0,1,0,0,0,0,0
L,302.3,310.9,1372,49.3,90,1,0,1,0,0,0
L,302.5,310.4,1357,50.5,50,1,0,1,0,0,0
L,302.6,310.8,1384,58.4,160,1,0,1,0,0,0
H,301.1,310.0,1268,57.8,159,1,0,1,0,0,0
L,300.2,311.4,1363,57.3,145,1,0,0,0,0,0
L,296.3,307.1,1258,59.0,166,1,0,0,0,0,0
L,300.5,311.7,1365,52.4,215,1,0,0,0,1,0
M,300.3,311.8,1339,58.2,181,1,0,0,0,1,0
L,297.6,308.7,1359,54.9,191,1,1,0,0,0,0
M,301.7,309.9,1385,47.0,125,1,0,1,0,0,0
L,301.2,310.7,1394,59.4,166,1,0,0,1,0,0
L,303.8,312.8,1356,45.6,197,1,0,1,0,0,0
L,299.3,310.7,1365,48.3,168,1,0,0,0,0,0
L,299.5,309.3,1390,55.2,173,1,0,0,0,0,0
L,303.1,311.2,1374,48.2,65,1,0,0,0,0,0
L,302.4,311.8,1509,45.7,108,1,0,0,0,0,0
L,304.0,313.0,1363,54.5,200,1,0,0,0,1,0
L,302.6,310.5,1366,44.1,166,1,0,1,0,0,0
L,298.6,308.2,1465,40.3,172,1,0,0,0,1,0
L,303.3,311.5,1353,56.0,190,1,0,1,0,1,0
L,300.5,309.3,1705,29.2,231,1,0,0,0,0,0
M,302.1,310.7,1312,47.8,213,1,0,1,0,0,0
L,302.5,311.8,1373,56.0,215,1,0,0,0,1,0
L,297.4,308.7,2874,4.2,179,1,0,0,1,0,0
L,301.9,309.7,1294,65.3,233,1,0,1,0,1,0
L,302.8,312.2,1366,55.2,124,1,0,0,0,1,0
L,300.7,310.4,1539,46.3,209,1,0,0,0,1,0
L,301.9,310.7,1339,61.8,208,1,0,0,0,1,0
L,303.3,311.6,1384,44.6,223,1,0,1,0,0,0
L,300.8,310.6,1453,37.9,227,1,0,0,0,0,0
M,302.1,310.0,1355,45.1,181,1,0,1,0,0,0
M,303.4,311.9,1353,47.9,7,1,0,1,0,0,0
L,302.4,310.2,1624,54.0,86,1,0,1,0,0,0
L,298.6,310.2,1379,41.3,10,1,0,0,0,0,0
L,297.4,308.3,1365,61.4,213,1,0,0,0,1,0
M,299.2,308.6,1410,63.9,231,1,0,0,0,1,0
M,302.4,311.8,1433,37.9,119,1,0,0,0,0,0
M,298.3,308.1,2639,12.9,103,1,0,0,1,0,0
L,302.5,310.4,1307,54.8,66,1,0,1,0,0,0
L,301.0,310.5,1379,57.3,204,1,1,0,0,0,0
L,300.3,311.7,1311,56.7,177,1,0,0,0,1,0
L,301.6,310.8,1363,52.2,153,1,0,0,0,1,0
H,304.1,313.4,1449,38.9,206,1,1,0,0,0,0
L,300.7,310.5,1315,61.9,192,1,0,0,1,0,0
L,301.9,310.3,1369,51.4,67,1,0,1,0,0,0
L,298.3,308.3,1538,38.1,20,1,0,0,0,0,0
L,300.4,311.2,1388,50.3,189,1,0,0,0,1,0
L,297.0,308.1,1362,44.3,213,1,0,0,0,0,0
M,298.5,309.6,1511,35.2,200,1,1,0,0,0,0
M,302.4,310.3,1375,55.8,161,1,0,0,0,0,0
M,296.3,307.2,1454,42.5,35,1,0,0,0,0,0
L,297.7,307.1,1326,53.0,197,1,0,0,0,1,0
M,300.5,311.1,1332,61.3,202,1,0,0,0,1,0
L,300.8,310.6,2261,15.7,180,1,0,0,1,0,0
L,302.5,310.2,1354,55.0,106,1,0,1,0,0,0
L,303.4,312.0,1366,54.5,30,1,0,1,0,0,0
M,303.7,312.8,1331,63.5,161,1,0,0,1,0,0
M,302.4,310.1,1379,47.5,106,1,0,1,0,0,0
L,303.0,311.2,1351,41.9,98,1,0,1,0,0,0
L,300.3,311.7,1337,54.8,158,1,0,0,0,0,0
L,296.9,307.8,1400,44.4,101,1,0,0,0,0,0
M,301.8,309.8,1611,35.0,214,1,0,0,0,0,0
M,302.0,310.9,1357,47.7,20,1,0,0,0,0,0
L,299.1,308.8,1320,67.5,135,1,0,0,1,0,0
L,298.6,309.5,1294,59.4,104,1,0,0,1,0,0
L,302.1,310.7,1710,30.8,204,1,1,0,0,0,0
L,300.7,310.6,1395,48.5,78,1,0,0,0,0,0
M,303.7,312.9,1566,53.3,200,1,0,0,0,0,0
M,298.5,309.7,1320,68.5,112,1,0,0,1,0,0
L,302.0,310.9,1340,57.2,231,1,0,1,0,0,0
L,302.5,311.0,1384,48.1,114,1,0,1,0,0,0
L,300.7,311.1,1343,40.2,160,1,0,0,0,0,0
L,296.9,307.9,1367,57.4,204,1,0,0,0,1,0
L,298.5,309.6,1523,27.3,163,1,0,0,0,0,0
M,299.2,308.4,1331,58.6,44,1,0,0,0,0,0
M,298.0,308.7,1571,34.7,181,1,1,0,0,0,0
M,303.4,311.8,1397,47.1,210,1,0,1,0,0,0
L,303.0,311.2,1361,45.8,104,1,0,1,0,0,0
L,297.1,308.7,1274,55.6,197,1,0,0,0,1,0
L,303.0,311.2,1311,45.7,184,1,0,1,1,0,0
M,295.8,306.3,1685,35.2,148,1,0,0,0,0,0
L,300.5,309.7,1345,56.0,142,1,0,0,0,1,0
L,302.2,310.9,1365,61.0,171,1,0,0,0,1,0
L,300.5,309.3,1515,51.5,53,1,0,0,0,0,0
H,298.9,310.6,1363,55.8,202,1,1,0,0,0,0
L,304.0,312.9,1298,69.6,139,1,0,0,1,0,0
L,301.7,310.7,1417,59.1,87,1,0,0,1,0,0
L,301.2,311.6,1378,56.7,208,1,0,0,0,1,0
L,302.7,311.0,1311,52.1,108,1,0,1,0,0,0
L,300.6,310.1,1485,49.9,137,1,0,0,1,0,0
L,297.2,308.5,1399,61.5,79,1,0,0,0,0,0
L,299.2,309.1,1459,60.7,191,1,0,0,0,1,0
L,296.9,307.9,1371,57.1,204,1,0,0,0,1,0
M,302.2,310.8,1710,30.4,2,1,1,0,0,0,0
L,302.4,310.3,1212,64.1,170,1,0,1,0,1,0
L,300.8,311.4,1298,61.4,18,1,0,0,0,1,0
L,302.5,311.9,1336,52.6,172,1,0,1,0,0,0
L,298.6,310.1,2639,12.0,26,1,0,0,1,0,0
M,303.0,311.0,2456,13.9,164,1,0,0,1,0,0
L,302.4,311.0,1324,61.0,79,1,0,1,0,0,0
M,303.4,312.5,2874,33.1,67,1,0,0,1,0,0
L,300.2,311.6,1229,62.8,3,1,0,0,0,1,0
M,303.8,312.9,1422,48.0,16,1,1,0,0,0,0
L,300.8,311.4,1322,67.2,7,1,0,0,1,0,0
L,302.6,310.9,1331,52.8,202,1,0,1,0,0,0
L,298.6,308.4,1444,46.4,34,1,0,0,0,0,0
L,300.3,310.0,1331,62.2,203,1,1,0,0,0,0
L,300.5,311.1,1524,38.9,214,1,1,0,0,0,0
L,302.7,310.5,1329,67.8,211,1,0,1,0,0,0
L,300.9,310.0,1456,42.7,62,1,0,0,0,0,0
H,303.1,311.2,1329,55.6,167,1,0,1,0,0,0
L,302.8,312.3,1261,57.5,229,1,0,0,0,1,0
L,300.7,310.7,1436,45.3,8,1,1,0,0,0,0
L,303.7,312.3,1356,54.8,182,1,0,1,0,0,0
L,302.0,310.0,1274,63.9,178,1,0,1,0,0,0
L,298.3,309.4,1350,57.0,134,1,0,0,0,1,0
M,302.1,310.4,1279,62.5,210,1,0,1,0,0,0
M,301.8,310.0,1293,63.7,182,1,0,1,0,0,0
H,302.1,310.1,2564,12.8,231,1,0,0,1,0,0
L,302.1,310.6,1314,48.8,77,1,0,1,0,0,0
L,302.6,311.5,1442,59.8,169,1,0,0,1,1,0
L,304.2,313.2,1383,53.6,192,1,0,0,0,1,0
M,298.4,309.4,1339,56.8,190,1,0,0,0,1,0
L,301.4,310.7,2760,8.7,54,1,0,0,1,0,0
L,299.0,309.9,1362,48.1,215,1,0,0,0,1,0
L,300.7,310.5,1372,48.0,64,1,0,1,0,0,0
L,301.7,309.5,1398,46.1,229,1,0,1,0,0,0
L,302.0,310.4,1336,58.2,110,1,0,0,0,0,0
L,302.1,310.8,1383,50.3,233,1,0,0,0,1,0
M,300.9,310.7,1485,41.0,119,1,0,0,0,0,0
L,302.4,310.1,1359,42.9,94,1,0,1,0,0,0
L,302.1,310.1,1351,48.2,145,1,0,1,0,0,0
L,297.0,307.7,1731,28.5,186,1,0,0,1,0,0
H,303.6,312.4,1363,49.1,9,1,0,0,0,0,0
L,302.6,310.9,1378,51.3,154,1,0,1,0,0,0
L,303.6,311.8,1294,66.2,197,1,0,1,0,1,0
L,303.0,311.0,1311,66.8,113,1,0,1,0,0,0
L,299.1,308.8,1432,53.6,207,1,0,0,0,0,0
L,299.2,310.7,1427,47.0,225,1,1,0,0,0,0
M,298.0,308.7,1479,58.5,176,1,0,0,0,0,0
M,303.4,311.8,1341,45.4,210,1,0,1,0,0,0
L,303.3,311.4,1238,51.2,2,1,0,1,0,1,0
M,300.5,311.6,1369,51.1,199,1,0,0,0,1,0
L,300.7,311.9,1335,57.1,19,1,0,0,0,0,0
L,302.6,310.6,1255,68.2,213,1,0,1,0,1,0
L,297.1,308.6,1636,31.3,192,1,0,0,0,0,0
L,302.0,310.8,1354,51.0,5,1,0,0,0,1,0
L,303.3,312.6,1256,66.6,64,1,0,0,1,0,0
L,298.0,308.1,1370,56.8,200,1,0,0,0,1,0
L,302.0,310.8,1365,47.0,112,1,0,1,0,0,0
L,301.7,310.4,1469,48.8,109,1,0,1,0,0,0
L,300.4,309.5,1421,54.8,70,1,0,0,0,0,0
L,299.4,308.7,1373,45.8,126,1,0,0,0,0,0
L,300.1,311.6,1353,65.7,201,1,0,0,0,1,0
M,302.2,310.1,1368,59.0,12,1,0,1,0,0,0
M,299.6,309.2,1867,47.7,225,1,1,0,0,0,0
M,299.2,308.2,1284,69.6,61,1,0,0,1,0,0
L,297.8,308.9,1871,25.6,200,1,1,0,1,0,0
L,302.6,311.0,1369,60.0,0,1,0,1,0,0,0
L,300.8,310.9,1339,59.1,203,1,0,0,0,1,1
M,298.5,309.9,1260,65.9,192,1,0,0,1,1,0
L,299.1,308.9,1337,53.6,189,1,0,0,0,1,0
L,299.2,308.7,1331,58.5,143,1,0,0,0,1,0
L,298.4,309.6,1710,27.3,155,1,0,0,0,0,0
L,303.3,311.6,1312,50.5,219,1,0,1,0,0,0
M,302.3,311.0,1384,55.8,72,1,0,1,0,0,0
L,303.2,311.4,1365,53.8,226,1,0,1,0,1,0
M,298.4,309.4,1429,41.8,24,1,0,0,0,0,0
L,301.9,310.7,1365,52.8,78,1,0,1,0,0,0
L,298.3,308.6,1375,44.6,105,1,0,0,0,0,0
L,302.3,309.9,1398,48.6,228,1,0,1,0,1,0
M,303.0,311.1,1372,53.2,150,1,0,1,0,0,0
M,298.2,308.9,1270,74.5,2,1,0,0,1,0,0
L,300.7,311.1,2478,13.4,170,1,0,0,0,0,0
L,302.0,309.9,1308,65.3,194,1,0,1,0,1,0
L,301.5,310.5,1380,61.5,15,1,0,0,1,0,0
L,301.1,310.9,1431,67.9,10,1,0,0,1,0,0
H,302.3,311.6,1441,53.9,74,1,0,0,0,0,0
M,302.6,310.1,1381,55.1,100,1,0,1,0,0,0
L,302.4,310.7,1337,52.9,7,1,0,1,0,0,0
L,299.5,309.3,1355,58.8,222,1,0,0,0,1,0
M,302.2,310.1,1372,55.3,9,1,0,1,0,0,0
L,302.0,310.8,2874,4.2,161,1,0,0,1,0,0
L,299.1,308.2,1329,46.5,196,1,0,0,0,1,0
L,301.2,310.4,1243,68.5,174,1,0,0,1,0,0
L,298.9,308.7,1337,61.7,86,1,0,0,0,1,0
L,297.5,309.4,1320,56.9,22,1,0,0,0,1,0
L,297.7,308.5,1309,62.6,161,1,0,0,1,0,0
L,297.5,309.3,1374,55.2,22,1,0,0,0,1,0
L,301.8,310.2,2825,51.4,215,1,0,0,0,0,0
L,302.6,310.4,1379,62.5,234,1,0,1,0,1,0
L,297.2,307.9,1989,20.3,186,1,0,0,1,0,0
H,302.3,310.9,1302,56.4,66,1,0,0,0,0,0
M,302.1,310.7,1376,46.3,201,1,0,1,0,0,0
L,297.0,307.9,1329,62.3,157,1,0,0,0,1,0
L,301.6,310.9,1392,54.5,155,1,0,0,0,0,0
L,300.9,310.7,1369,56.2,199,1,0,0,0,1,0
M,301.8,309.6,1331,49.0,214,1,0,1,0,0,0
L,297.3,308.6,1365,56.7,203,1,0,0,0,1,0
L,300.8,310.7,1339,59.1,199,1,0,0,0,1,0
L,301.2,310.7,1382,46.3,206,1,0,0,0,0,0
L,302.2,310.8,1294,60.7,188,1,0,1,0,0,0
H,302.1,310.7,1349,51.0,160,1,0,1,0,0,0
L,302.4,310.3,1374,51.2,163,1,0,0,0,0,0
L,295.6,306.2,1448,53.0,231,1,0,0,0,1,0
L,300.5,311.8,1368,57.9,206,1,0,0,1,0,0
L,299.3,308.9,1258,69.4,119,1,0,0,0,0,0
L,302.6,310.5,1361,46.3,0,1,0,1,0,0,0
L,302.4,311.0,1346,53.6,125,1,0,1,0,0,0
L,303.4,312.0,1521,35.9,200,1,0,0,0,1,0
L,302.0,310.5,1349,55.2,110,1,0,1,0,0,0
L,300.1,311.5,1660,31.4,38,1,0,0,0,0,0
L,302.1,310.8,1283,65.3,233,1,0,0,0,1,0
L,299.6,309.5,1386,56.9,189,1,0,0,0,1,0
L,300.1,311.6,1372,56.8,197,1,0,0,0,1,0
L,303.0,311.3,1365,38.2,146,1,0,0,0,0,0
L,298.9,310.3,1587,30.2,162,1,0,0,0,1,0
L,302.4,311.1,1346,59.4,147,1,0,0,0,0,0
M,302.1,310.0,2874,4.6,6,1,0,0,1,0,0
L,300.8,310.1,1405,61.2,189,1,0,0,0,1,0
M,303.0,311.4,1335,53.6,161,1,0,1,0,0,0
L,302.0,309.9,1308,57.6,197,1,1,1,0,1,0
L,301.2,310.1,1314,62.6,106,1,0,0,0,1,0
L,302.0,309.8,1308,57.6,197,1,0,1,0,0,0
L,301.0,311.1,1354,49.1,190,1,0,0,0,0,0
L,296.9,308.1,1303,73.6,62,1,0,0,1,0,0
L,295.9,306.6,1312,50.5,124,1,0,0,0,0,0
L,301.9,310.9,1459,46.2,85,1,0,0,0,0,0
L,302.7,310.4,1445,63.6,12,1,0,0,1,0,0
L,299.0,310.3,1303,68.6,71,1,0,0,1,0,0
L,297.4,308.3,1372,45.5,207,1,0,0,0,1,0
L,300.9,312.0,1364,53.1,188,1,0,0,0,1,0
L,302.4,310.2,1430,45.5,53,1,0,1,0,0,0
M,303.5,312.0,1275,42.9,85,1,0,1,0,0,0
M,298.0,307.3,1412,63.4,24,1,0,0,1,0,0
L,302.7,310.7,1346,61.4,211,1,0,1,0,0,0
L,300.4,311.4,1372,54.9,177,1,0,0,0,0,0
M,302.3,310.9,1347,49.0,100,1,0,1,0,0,0
L,301.0,310.4,1324,47.8,173,1,0,0,0,1,0
L,302.0,310.4,1357,39.2,108,1,0,0,0,0,0
L,303.9,312.7,1370,61.3,126,1,0,0,1,0,0
M,303.4,311.7,1353,44.1,192,1,0,0,0,0,0
L,297.0,307.8,1400,57.1,200,1,0,0,0,1,0
H,300.5,309.8,1324,72.8,153,1,0,0,1,0,0
L,298.0,309.6,2540,12.8,62,1,0,0,1,0,0
M,299.4,309.3,1597,31.6,66,1,0,0,0,0,0
L,303.9,313.2,1260,60.5,213,1,0,0,0,1,0
L,300.5,311.9,1511,35.9,203,1,1,0,0,0,0
M,302.4,310.3,1374,54.8,160,1,0,1,0,0,0
L,302.8,311.9,1509,36.5,52,1,1,0,0,0,0
M,303.4,311.4,1312,59.0,122,1,0,1,0,0,0
L,298.8,308.5,1348,52.8,91,1,0,0,0,1,0
L,302.5,310.3,1362,55.2,163,1,0,1,0,0,0
L,297.4,308.3,1475,40.5,94,1,0,0,0,0,0
L,299.4,309.4,1390,46.8,94,1,0,0,0,0,0
L,299.3,308.9,1379,69.6,171,1,0,0,1,0,0
L,297.2,307.9,1326,75.4,172,1,0,0,1,0,0
L,298.0,307.5,1379,65.3,31,1,0,0,0,1,0
L,302.2,310.0,1373,55.3,20,1,0,1,0,0,0
M,303.0,311.0,1441,38.7,148,1,0,0,0,0,0
L,301.0,311.5,1399,58.0,190,1,0,0,0,0,0
L,301.1,310.5,1372,55.8,53,1,0,0,0,1,0
L,297.6,308.6,1472,49.7,218,1,0,0,0,1,0
L,303.0,311.2,1363,56.8,17,1,0,1,0,1,0
M,301.7,310.2,1336,58.8,207,1,0,1,0,0,0
M,300.6,310.2,1387,52.1,228,1,1,0,0,0,0
L,299.0,310.3,1368,45.9,153,1,0,0,0,1,0
M,302.3,310.8,2709,9.9,85,1,0,0,1,0,0
L,300.2,311.5,1639,31.1,2,1,0,0,1,0,0
L,302.1,310.5,1351,55.8,173,1,0,1,0,0,0
M,303.4,311.9,1320,62.9,42,1,0,1,0,0,0
M,302.1,310.5,1346,48.9,107,1,0,1,0,0,0
L,302.6,310.4,1362,46.6,100,1,0,1,0,0,0
M,303.4,311.8,1355,52.8,35,1,0,1,0,0,0
L,303.5,312.3,1326,57.4,112,1,0,0,0,1,0
M,299.8,309.3,1372,41.9,221,1,0,0,0,1,0
L,297.2,307.9,1521,75.4,172,1,0,0,1,0,0
L,302.6,311.0,1249,60.4,94,1,0,1,0,0,0
L,298.7,309.9,1505,45.7,144,1,0,0,0,1,0
L,302.0,310.8,1421,46.4,44,1,0,0,0,0,0
L,297.2,308.2,2372,14.0,18,1,0,0,1,0,0
M,301.8,310.6,1268,58.2,50,1,0,0,0,0,0
L,299.8,309.3,1379,57.1,194,1,0,0,0,1,0
L,302.4,310.1,1351,45.0,10,1,0,1,0,0,0
L,300.7,310.6,1336,66.1,101,1,0,0,1,0,0
M,302.2,310.9,1359,55.8,205,1,1,0,0,0,0
M,298.4,308.2,1468,58.7,2,1,0,0,1,0,0
L,302.4,310.4,1351,45.1,168,1,0,0,0,0,0
L,297.3,308.6,1364,50.0,199,1,0,0,0,1,0
L,302.7,312.2,1350,52.1,213,1,0,1,0,1,0
L,300.2,311.4,1378,54.2,228,1,0,0,0,1,0
M,303.0,311.1,1577,54.3,203,1,1,0,0,0,0
L,302.3,310.9,1361,57.0,112,1,0,1,0,0,0
L,302.7,312.2,1288,68.5,214,1,1,0,1,0,0
L,300.0,310.0,1309,55.2,44,1,0,0,0,1,0
L,302.6,310.4,1329,51.7,148,1,0,1,0,0,0
L,300.5,311.6,1365,56.9,212,1,0,0,0,1,0
H,302.1,310.1,1379,47.9,176,1,0,1,0,0,0
L,300.3,310.3,1362,60.3,173,1,0,0,0,1,0
M,302.7,312.2,2563,13.0,246,1,0,0,1,0,0
L,303.2,311.2,1363,45.6,25,1,0,1,0,0,0
L,301.7,310.2,1362,62.8,192,1,0,1,0,0,0
L,302.2,310.9,1336,58.0,49,1,0,1,0,0,0
L,298.9,310.6,1258,57.8,12,1,0,0,0,1,0
M,299.0,310.2,1258,69.6,75,1,0,0,1,0,0
L,301.3,310.0,1506,40.8,11,1,0,0,0,0,0
H,302.5,311.9,1332,54.0,165,1,0,1,0,0,0
L,302.5,311.1,1334,49.8,205,1,0,1,0,0,0
L,301.7,310.6,1429,56.0,3,1,0,0,0,0,0
L,299.6,310.7,1922,23.3,205,1,0,0,1,1,0
L,303.3,312.2,1443,48.2,195,1,0,1,0,0,0
H,302.2,311.0,1522,35.9,61,1,0,1,0,0,0
L,303.3,311.4,2663,11.4,12,1,0,0,0,0,0
L,303.6,311.8,1340,59.1,24,1,0,1,0,0,0
L,301.4,310.5,1365,55.3,98,1,0,0,0,1,0
L,304.0,312.9,1363,62.5,200,1,0,0,1,1,0
L,304.0,312.9,1412,48.4,200,1,0,0,0,1,0
L,302.7,312.3,1363,53.6,232,1,0,0,0,1,0
L,302.6,311.0,1369,60.0,93,1,0,0,0,0,0
L,300.9,310.7,1318,57.5,16,1,0,0,0,1,0
L,302.7,310.5,1642,30.8,197,1,0,0,0,0,0
M,301.0,312.2,2710,9.7,143,1,0,0,0,0,0
L,297.2,307.9,1326,75.4,204,1,0,0,1,1,0
L,303.5,311.9,1344,47.3,93,1,0,0,0,0,0
L,303.3,311.4,1497,46.5,234,1,0,0,0,0,0
L,297.4,309.1,1359,60.7,119,1,0,0,0,1,0
L,300.8,310.7,1339,59.1,192,1,0,0,0,1,0
M,301.3,309.7,1314,49.5,27,1,0,1,0,0,0
L,302.6,311.5,1442,59.8,169,1,0,0,1,1,0
M,301.9,310.9,1359,49.5,191,1,0,0,0,0,0
L,298.3,309.2,1597,37.2,134,1,1,0,0,0,0
M,301.5,310.7,1402,63.7,77,1,0,0,0,0,0
L,302.6,312.3,1368,53.8,164,1,0,0,0,0,0
L,302.5,310.3,1446,44.0,146,1,0,0,0,0,0
L,302.8,311.1,1371,58.0,86,1,0,1,0,0,0
M,299.4,310.8,1434,60.4,92,1,0,0,0,0,0
M,298.3,310.1,1362,65.7,81,1,0,0,1,0,0
L,300.5,311.2,1270,67.5,15,1,0,0,0,0,0
L,301.2,310.7,1329,59.1,42,1,0,0,0,1,0
M,303.0,311.2,1335,52.7,143,1,0,1,0,0,0
M,297.6,308.9,2564,12.8,101,1,0,0,1,0,0
M,299.1,308.7,1377,48.5,181,1,0,0,0,1,0
M,302.4,310.1,1353,53.8,159,1,0,1,0,0,0
L,301.9,310.3,1233,66.8,208,1,0,1,0,0,0
M,300.5,309.4,1362,27.2,228,1,0,0,0,0,0
M,297.2,307.9,1331,75.4,85,1,0,0,1,0,0
L,299.3,308.9,1434,46.9,119,1,0,0,0,0,0
L,302.7,310.6,1362,51.2,82,1,0,1,0,0,0
L,302.7,310.7,1355,55.5,11,1,0,1,0,0,0
L,299.6,309.1,1294,69.3,215,1,0,0,1,0,0
L,299.0,309.1,1346,67.3,168,1,0,0,0,0,0
L,300.6,311.7,1336,50.9,0,1,1,0,0,0,0
L,301.1,310.9,1268,67.2,20,1,0,0,1,0,0
L,303.0,311.2,1361,48.5,172,1,0,1,0,0,0
L,299.8,309.2,1411,56.8,216,1,0,0,0,1,0
H,296.7,307.5,1549,35.8,85,1,0,0,0,0,0
H,299.9,309.2,1365,63.0,169,1,0,0,1,0,0
L,298.6,309.8,2271,16.2,96,1,0,0,0,0,0
L,302.7,310.5,1350,61.5,16,1,0,1,0,0,0
L,302.2,310.8,1339,50.8,61,1,0,1,0,0,0
L,302.1,310.6,1340,44.0,7,1,0,1,0,0,0
L,299.2,309.0,2678,10.7,100,1,0,0,1,0,0
L,303.6,312.4,1280,57.3,124,1,0,1,0,0,0
M,302.1,310.8,1202,68.2,139,1,0,1,0,0,0
L,302.5,310.3,1376,45.4,98,1,0,1,0,0,0
L,303.4,311.4,1340,56.9,141,1,0,0,0,1,0
L,302.3,311.8,1452,56.2,208,1,0,0,0,1,0
M,302.1,310.6,2659,13.4,213,1,0,0,1,0,0
L,300.1,310.0,1390,61.4,186,1,0,0,0,1,0
L,300.7,310.4,1416,61.8,85,1,0,0,1,0,0
L,302.6,310.4,1374,54.8,191,1,0,1,0,0,0
L,302.3,310.1,1479,52.7,134,1,0,0,0,0,0
L,297.4,308.7,2874,31.4,118,1,0,0,1,0,0
L,298.5,309.8,1398,55.4,217,1,0,0,0,1,0
L,297.2,307.9,1326,75.4,150,1,0,0,0,0,0
L,299.2,308.9,2710,9.8,36,1,0,0,1,0,0
L,299.1,310.4,1366,50.1,208,1,0,0,0,1,0
L,297.6,308.6,1475,44.7,222,1,1,0,0,0,0
M,301.5,310.7,1359,47.1,115,1,0,0,0,0,0
M,298.2,309.0,1410,47.6,76,1,0,0,0,0,0
L,298.6,309.7,1362,52.1,7,1,0,0,0,1,0
L,301.7,311.0,1368,62.4,57,1,0,0,0,0,0
L,302.4,310.2,1365,47.1,134,1,0,1,0,0,0
L,301.7,311.0,1441,44.3,208,1,0,0,0,1,0
L,303.4,311.5,1361,40.0,15,1,0,1,0,0,0
L,298.0,308.5,1376,60.0,212,1,0,0,0,1,0
L,299.1,309.9,1398,55.4,217,1,0,0,0,0,0
L,303.0,311.1,1347,58.3,9,1,0,1,0,0,0
L,299.4,309.1,1316,51.3,215,1,0,0,0,0,0
L,298.7,310.2,1459,56.8,203,1,0,0,0,1,0
M,300.4,311.7,1330,59.3,187,1,0,0,0,1,0
L,302.4,311.0,1369,51.4,203,1,0,0,0,1,0
L,300.4,311.8,2370,13.4,207,1,0,0,0,1,0
L,301.0,310.8,1527,45.3,8,1,0,0,0,0,0
M,302.2,310.7,1326,54.4,129,1,0,1,0,0,0
L,302.7,310.4,1454,51.2,211,1,0,0,0,1,0
L,298.0,308.2,1365,52.9,218,1,0,0,1,1,0
M,298.9,309.8,1570,42.1,200,1,1,0,0,0,0
L,301.8,311.2,1400,56.2,202,1,0,0,0,1,0
M,303.4,311.8,1305,55.8,213,1,0,1,0,0,0
L,300.6,310.4,1416,49.4,209,1,0,0,0,1,0
L,298.2,308.4,1310,61.0,189,1,0,0,0,0,0
L,299.3,308.9,1261,44.3,119,1,0,0,0,0,0
L,303.2,311.4,1238,54.6,226,1,0,0,0,0,0
M,299.3,308.7,1372,55.6,185,1,0,0,0,0,0
L,304.0,313.2,1365,52.9,127,1,0,0,0,1,0
L,302.4,310.2,1324,52.2,166,1,0,1,0,0,0
L,303.2,311.2,1363,46.7,219,1,0,1,0,1,0
M,302.2,310.9,1202,68.5,7,1,0,1,1,0,0
L,297.0,307.5,1331,69.4,20,1,0,0,1,0,0
M,299.7,309.2,1564,35.0,179,1,0,0,0,0,0
L,300.2,309.7,2563,12.4,92,1,0,0,1,0,0
L,300.5,309.4,1349,51.5,231,1,0,0,0,0,0
L,298.1,309.0,2437,13.9,44,1,0,0,1,0,0
M,302.4,310.5,1577,45.7,144,1,0,0,0,0,0
L,303.0,311.0,1341,46.3,188,1,0,1,0,0,0
L,303.2,311.4,1351,52.9,101,1,0,1,0,0,0
L,301.8,310.9,1359,54.6,182,1,0,0,0,1,0
L,302.5,310.2,1351,47.5,0,1,0,1,0,0,0
L,299.3,308.9,1258,69.4,119,1,0,0,0,0,0
L,299.2,310.7,1737,27.0,146,1,0,0,0,0,0
L,303.3,311.3,1301,54.0,219,1,0,1,0,1,0
L,300.6,311.7,1469,56.6,134,1,0,0,0,1,0
L,303.0,311.2,1295,62.4,65,1,0,1,0,0,0
L,302.2,310.4,1333,62.4,132,1,0,1,0,0,0
M,302.4,310.1,1358,54.6,210,1,0,0,0,0,0
L,302.8,310.6,1380,50.1,199,1,0,1,0,0,0
M,298.5,309.5,1379,60.5,126,1,0,0,0,1,0
M,303.4,311.9,1316,50.9,59,1,0,0,0,0,0
L,300.9,310.8,1708,29.1,14,1,0,0,1,0,0
L,302.3,311.5,1338,67.6,194,1,0,0,1,1,0
L,297.2,307.9,1326,41.6,172,1,0,0,1,1,0
M,301.5,310.4,2639,12.0,21,1,0,0,1,1,0
M,302.3,310.2,1853,22.5,119,1,0,0,0,0,0
L,297.3,308.2,1396,52.7,2,1,1,0,0,0,0
M,302.2,310.9,1346,50.7,96,1,0,1,0,0,0
L,301.2,311.1,1461,62.5,111,1,0,0,0,0,0
M,302.5,310.4,1305,59.7,45,1,0,1,0,0,0
L,298.5,308.2,1436,48.7,42,1,0,0,0,0,0
L,302.3,310.9,1353,61.3,158,1,0,0,0,1,0
M,303.1,312.5,1372,55.0,161,1,0,1,0,0,0
L,302.1,310.8,1370,58.7,27,1,0,1,0,0,0
L,299.5,310.7,1386,53.5,5,1,0,0,0,1,0
L,300.5,309.7,1373,52.3,185,1,0,0,0,0,0
H,301.4,309.9,1375,47.2,22,1,0,1,0,0,0
L,302.4,310.1,1329,45.3,20,1,0,1,0,0,0
L,297.8,308.9,1871,25.6,200,1,0,0,0,1,0
L,297.4,308.4,1677,30.8,220,1,1,0,0,0,0
M,302.4,310.4,1336,61.4,166,1,0,1,0,0,0
L,301.8,310.7,1369,51.8,5,1,0,1,0,0,0
L,303.2,311.2,1336,52.3,12,1,0,1,0,0,0
L,299.0,308.6,1267,68.2,76,1,0,0,0,0,0
L,299.0,310.2,1377,41.9,92,1,0,0,0,0,0
H,302.4,310.2,1345,33.8,43,1,0,1,0,0,0
M,299.0,310.3,1303,44.2,111,1,0,0,1,0,0
L,302.6,311.0,1367,52.1,139,1,0,1,0,0,0
L,302.6,310.3,1347,59.5,13,1,0,1,0,0,0
H,298.9,310.2,1282,65.3,176,1,0,0,1,0,0
H,303.5,311.6,1371,44.7,134,1,0,1,0,0,0
L,299.1,310.3,1619,31.1,148,1,0,0,0,0,0
L,302.7,310.5,1317,51.2,12,1,0,1,0,0,0
L,303.0,311.2,1368,58.2,67,1,0,1,0,0,0
L,302.9,311.2,1334,36.9,166,1,0,1,0,0,0
L,300.8,312.4,1465,55.3,91,1,0,0,0,0,0
L,298.0,308.7,1288,60.5,0,1,0,0,0,1,0
L,303.0,311.2,1329,45.7,184,1,0,1,0,0,0
L,300.8,310.7,1527,59.1,45,1,0,0,0,1,0
L,297.5,308.2,1399,60.7,216,1,0,0,0,1,0
M,302.0,310.8,1379,51.2,86,1,0,1,0,0,0
L,299.8,309.6,1376,48.4,201,1,0,0,0,0,0
L,299.1,308.7,1320,67.5,20,1,0,0,0,0,0
L,298.1,309.5,1467,48.2,48,1,0,0,0,1,0
L,302.6,310.4,1359,57.2,69,1,0,1,0,0,0
L,300.8,310.6,1577,37.9,227,1,0,0,0,0,0
L,297.4,308.3,1733,28.3,207,1,1,0,0,0,0
L,303.2,311.4,1325,54.2,228,1,0,1,0,1,0
L,300.7,310.4,1416,49.7,209,1,0,0,0,1,0
L,301.1,310.9,1282,45.4,10,1,0,0,0,0,0
L,300.6,310.7,1438,37.4,78,1,0,0,0,0,0
L,302.0,310.5,1357,53.0,5,1,0,1,0,0,0
L,297.2,308.3,1350,48.0,22,1,1,0,0,0,0
L,303.1,311.2,1337,56.1,23,1,0,1,0,0,0
L,299.1,308.8,1329,53.0,202,1,0,0,0,1,0
L,298.9,310.2,1362,53.5,212,1,0,0,0,1,0
L,301.7,311.0,1715,24.8,17,1,0,0,0,1,0
L,299.4,308.9,1519,37.5,187,1,1,0,0,0,0
L,303.2,311.2,1359,54.2,19,1,0,0,0,0,0
L,301.3,311.2,1341,53.5,208,1,0,0,0,1,0
H,302.7,310.5,1329,52.9,197,1,0,1,0,0,0
L,302.3,310.6,1334,53.2,206,1,0,0,0,0,0
L,303.8,313.5,1365,59.9,205,1,1,0,0,0,0
L,302.9,312.4,1336,60.1,115,1,0,1,0,0,0
L,299.3,309.5,1322,49.8,0,1,0,0,0,1,0
L,297.8,307.3,1327,61.0,139,1,0,0,0,0,0
M,301.0,309.6,1222,68.0,122,1,0,0,0,0,0
M,302.5,310.5,1507,46.5,201,1,0,1,0,0,0
L,301.0,311.0,1535,40.7,190,1,0,0,0,1,0
L,302.2,311.0,1334,48.0,207,1,0,1,0,0,0
L,301.9,310.8,1336,61.2,196,1,0,1,0,0,0
H,302.4,310.2,1375,48.0,188,1,0,1,0,0,0
M,297.4,307.9,1358,65.1,174,1,0,0,0,0,0
L,297.4,308.3,1472,46.4,207,1,1,0,0,0,0
M,297.3,308.1,1370,58.8,199,1,0,0,0,1,0
L,302.4,310.2,1339,37.7,29,1,0,1,0,0,0
L,300.9,310.7,1378,57.5,16,1,0,0,0,0,0
L,301.7,310.3,1376,42.6,22,1,0,1,0,0,0
L,302.3,310.9,1349,43.2,33,1,0,1,0,0,0
L,297.1,308.0,1347,61.0,49,1,0,0,0,1,0
M,303.3,311.4,1369,51.6,29,1,0,1,0,0,0
L,302.5,310.9,1373,50.6,60,1,0,1,0,0,0
H,301.1,310.0,1470,40.1,200,1,0,0,0,1,0
L,302.4,310.8,1249,68.2,86,1,0,1,0,0,0
M,296.7,307.5,1356,54.2,153,1,0,0,1,0,1
L,299.3,308.9,1258,69.4,119,1,0,0,1,1,0
L,298.3,308.0,1326,50.3,65,1,0,0,0,1,0
L,300.4,311.2,1270,59.0,208,1,0,0,1,0,0
M,302.4,310.6,1276,68.6,163,1,0,1,0,0,0
M,302.4,310.1,1358,46.0,110,1,0,1,0,0,0
L,302.0,310.8,1615,29.0,24,1,0,0,0,0,0
L,302.3,310.1,1472,47.7,64,1,0,1,0,0,0
L,302.3,311.0,1265,59.7,16,1,0,1,0,0,0
M,302.1,310.9,1351,47.1,161,1,0,1,0,0,0
L,302.5,310.5,1408,58.2,62,1,0,0,1,0,0
L,301.7,310.1,1373,46.5,203,1,0,1,0,0,0
M,298.1,308.9,1357,45.2,176,1,1,0,0,0,0
L,301.4,310.9,1377,47.9,193,1,0,1,0,0,0
L,297.8,309.0,1403,36.9,0,1,0,0,0,0,0
M,298.1,308.7,1192,68.9,0,1,0,0,1,0,0
L,303.6,311.7,1266,52.6,126,1,0,1,0,0,0
L,297.3,308.4,1290,60.5,213,1,0,0,0,0,0
M,298.2,308.8,1379,53.6,33,1,0,0,0,0,0
L,302.4,311.0,1376,49.9,89,1,0,0,0,0,0
L,300.2,311.6,1367,54.3,165,1,0,0,0,1,0
L,300.7,311.8,2437,13.4,202,1,0,0,1,0,0
L,303.2,311.8,1351,52.9,2,1,0,1,0,0,0
H,300.9,311.3,1390,57.5,183,1,0,0,0,1,0
L,302.8,310.6,1310,51.9,124,1,0,1,0,0,0
L,298.6,309.8,1505,45.7,144,1,0,0,1,1,0
H,303.3,312.5,1359,50.8,0,1,0,1,0,0,0
L,301.7,311.0,1608,33.0,208,1,0,0,0,1,0
L,300.3,310.3,1538,37.0,206,1,1,0,0,0,0
L,297.4,308.3,1445,38.9,213,1,0,0,0,1,0
L,303.5,312.1,1365,44.7,166,1,0,1,0,0,0
L,302.4,310.1,1336,44.4,142,1,0,1,0,0,0
M,302.0,310.6,1361,60.0,201,1,0,1,0,0,0
L,302.0,310.9,1415,53.1,212,1,1,0,0,0,1
L,300.1,309.3,1371,56.0,120,1,1,0,0,0,0
L,303.3,311.3,1351,44.2,32,1,0,1,0,0,0
L,299.3,308.8,1258,69.4,119,1,0,0,1,0,0
L,302.8,310.8,1332,52.8,15,1,0,1,0,0,0
L,303.4,312.4,1401,50.7,115,1,0,0,0,0,0
L,302.8,310.6,1411,48.9,199,1,0,1,0,1,0
L,297.3,308.1,1615,35.4,217,1,0,0,0,1,0
L,302.3,310.9,1268,49.3,34,1,0,0,0,0,0
L,302.6,310.4,1638,36.2,84,1,0,0,0,0,0
L,302.0,310.0,1348,57.0,179,1,0,1,0,0,0
L,300.8,310.8,1577,37.9,13,1,1,0,0,0,0
L,302.0,311.0,1555,37.7,200,1,1,0,0,0,0
L,302.2,310.6,1445,48.4,161,1,0,0,0,0,0
L,297.8,308.9,1871,25.6,201,1,1,0,0,0,0
L,299.0,310.1,1368,57.2,12,1,0,0,0,1,0
M,296.8,307.8,1408,46.0,140,1,1,0,0,0,0
L,301.7,310.1,1286,61.0,104,1,0,1,0,0,0
L,300.5,311.8,1429,38.9,214,1,1,0,0,0,0
L,302.6,310.9,1331,52.0,154,1,0,1,1,0,0
M,297.3,308.4,1710,27.9,17,1,0,0,0,0,0
M,300.7,309.6,1395,19.8,203,1,1,0,0,0,0
L,297.8,309.0,1403,64.2,0,1,0,0,1,1,0
L,299.8,309.3,1493,65.1,212,1,0,0,0,1,0
L,298.9,310.1,1299,69.4,172,1,0,0,0,0,0
M,302.6,311.0,1392,52.1,114,1,0,1,0,0,0
L,299.0,309.1,1455,50.8,113,1,0,0,0,0,0
M,299.5,309.1,1416,23.4,225,1,1,0,0,0,0
L,296.9,308.1,1359,58.7,197,1,0,0,0,1,0
L,300.5,311.8,1428,54.4,110,1,0,0,0,1,0
L,300.6,309.8,1359,60.1,121,1,0,0,1,0,0
L,302.2,311.4,1333,66.7,100,1,0,0,1,0,0
M,301.1,311.2,1435,45.3,217,1,1,0,0,0,0
M,302.6,312.3,1454,38.0,253,1,1,0,0,0,0
L,302.4,310.3,1376,45.8,123,1,0,1,0,0,0
L,304.0,313.0,1362,56.7,200,1,0,0,0,0,0
L,300.9,310.9,1400,61.4,109,1,0,0,0,0,0
L,301.7,309.5,1298,65.5,229,1,0,0,0,1,0
L,300.8,310.7,1339,59.1,199,1,0,0,0,1,0
L,300.0,310.5,1412,65.2,121,1,0,0,1,0,0
L,297.4,308.3,1472,45.5,2,1,1,0,0,0,0
M,302.1,310.6,1385,46.4,208,1,1,0,0,0,0
M,301.1,311.0,1316,67.9,174,1,0,0,1,0,0
L,301.9,310.6,1844,68.6,26,1,0,0,1,0,0
M,298.9,309.9,1501,37.1,70,1,0,0,0,0,0
L,299.1,310.5,1389,61.4,64,1,0,0,0,0,0
L,300.7,310.6,1369,54.2,187,1,0,0,0,1,0
L,302.2,310.8,1359,66.4,213,1,0,1,1,1,0
L,303.8,312.8,1336,62.4,145,1,0,1,0,0,0
L,302.2,311.4,1338,59.5,39,1,0,0,1,0,0
L,302.7,311.9,1370,52.6,2,1,0,1,0,0,0
L,303.0,310.5,1359,46.3,197,1,0,1,0,0,0
M,302.4,310.9,1353,53.6,128,1,0,1,0,0,0
L,303.3,311.4,1721,46.0,234,1,1,0,0,0,0
H,299.3,308.6,1399,46.6,2,1,0,0,0,0,0
L,299.3,309.0,1511,47.8,148,1,0,0,0,0,0
L,295.6,306.2,1426,69.2,110,1,0,0,1,0,0
L,298.6,309.8,1275,71.6,218,1,0,0,1,0,0
L,298.4,307.7,1544,40.6,146,1,0,0,0,0,0
L,303.3,311.4,1497,46.0,234,1,0,0,0,1,0
L,302.4,311.2,1366,47.9,152,1,0,1,0,0,0
L,301.3,310.9,1470,54.3,86,1,0,0,0,0,0
L,302.2,310.0,1350,58.2,22,1,0,1,0,0,0
L,300.1,309.5,1340,57.4,52,1,0,0,0,0,0
L,297.5,308.3,1529,38.4,222,1,1,0,0,0,0
L,298.9,310.2,1533,35.2,228,1,1,0,0,0,0
M,299.3,308.2,1359,56.8,235,1,0,0,0,1,0
L,301.7,310.2,1331,61.2,47,1,0,1,1,0,0
L,302.1,310.4,1470,45.9,203,1,0,0,0,0,0
L,298.6,309.8,1368,55.6,213,1,0,0,0,1,0
L,303.4,312.2,2174,16.2,30,1,0,1,0,0,0
L,298.4,309.6,1379,55.3,163,1,0,0,0,0,0
L,301.0,310.9,1339,58.5,197,1,0,0,0,1,0
L,300.6,310.3,1648,30.5,217,1,0,0,0,1,0
L,300.4,309.3,1525,38.1,222,1,1,0,0,0,0
L,302.6,311.0,1330,60.9,99,1,0,1,0,0,0
L,302.5,310.2,1415,55.8,117,1,0,0,0,0,0
L,301.6,310.9,1385,50.7,195,1,0,0,0,0,0
L,301.7,310.2,1331,46.4,47,1,0,0,0,0,0
L,303.6,311.6,1334,53.1,20,1,0,1,0,0,0
L,299.1,309.0,1325,53.7,18,1,0,0,0,1,0
L,297.2,308.6,1433,49.1,127,1,0,0,0,0,0
L,303.5,312.0,1320,67.9,212,1,0,1,0,0,0
L,298.2,309.0,1336,69.4,119,1,0,0,1,0,0
H,302.4,311.5,1361,71.6,126,1,0,0,1,0,0
L,297.4,309.2,1312,52.1,124,1,0,0,0,1,0
L,297.4,309.0,2567,12.8,161,1,0,0,1,0,0
L,300.6,311.7,1320,62.9,212,1,1,0,0,0,0
M,302.5,310.3,1370,61.2,172,1,0,1,0,0,0
L,302.2,310.1,1368,45.1,14,1,0,1,0,0,0
H,300.7,309.6,1271,56.4,246,1,0,0,0,0,0
L,299.5,308.7,1601,13.0,107,1,0,0,1,0,0
L,303.3,311.4,1341,44.7,9,1,0,1,0,0,0
L,301.6,310.7,1352,56.6,197,1,0,0,0,1,0
M,302.1,310.9,1345,44.2,213,1,0,1,0,0,0
L,298.3,308.1,1412,52.3,192,1,0,0,0,0,0
L,302.6,310.3,1647,34.2,14,1,0,0,0,1,0
L,302.7,310.7,1397,47.6,11,1,0,1,0,0,1
L,298.6,309.8,2271,16.2,218,1,0,0,0,0,0
L,301.0,310.6,1615,29.0,204,1,1,0,0,0,0
M,297.3,308.1,1255,59.0,199,1,0,0,1,0,0
M,300.8,309.4,1342,62.4,113,1,0,0,0,0,0
L,299.2,310.7,1327,60.9,225,1,0,0,0,1,0
L,301.8,310.1,1369,48.3,180,1,0,1,0,0,0
L,303.4,311.7,1367,47.9,161,1,0,1,0,0,0
M,297.2,308.1,1531,40.8,207,1,0,0,0,0,0
L,301.8,309.8,1442,45.2,66,1,0,0,0,0,0
L,303.0,311.0,1335,56.4,115,1,0,1,0,0,0
L,300.7,310.4,1416,61.8,74,1,0,0,1,0,0
L,298.3,307.9,1526,36.8,209,1,0,0,0,0,0
L,303.0,311.0,1392,42.4,109,1,0,1,0,0,0
L,300.1,309.4,1362,61.8,42,1,0,0,0,1,0
L,298.6,308.2,1361,68.2,47,1,0,0,1,0,0
L,301.7,310.2,1331,61.2,47,1,0,0,0,0,0
L,303.0,311.3,1365,56.2,146,1,0,0,0,0,0
L,299.9,311.3,1331,61.0,5,1,0,0,1,0,0
L,302.2,310.1,1324,61.4,15,1,0,0,0,0,0
M,303.0,311.0,1360,47.6,163,1,0,1,0,0,0
L,300.7,311.7,1336,58.4,189,1,0,0,0,1,0
L,303.0,311.3,1375,56.2,146,1,0,1,0,0,0
L,303.1,311.2,1379,52.1,215,1,0,1,0,0,0
M,302.3,310.8,1369,45.0,142,1,0,1,0,0,0
L,301.6,310.1,1326,48.3,39,1,0,1,0,0,0
L,297.7,309.1,1365,45.8,12,1,0,0,0,1,0
L,297.2,308.3,1379,54.8,21,1,0,0,0,1,0
L,303.4,312.0,2268,15.0,215,1,0,1,1,0,0
M,302.0,310.6,1376,55.8,10,1,0,1,0,0,0
L,297.2,308.6,1411,61.5,170,1,0,0,1,0,0
L,301.4,310.8,1413,62.6,183,1,0,0,0,0,0
L,297.2,308.2,1431,49.7,210,1,0,0,0,1,0
L,299.8,311.1,1379,54.9,174,1,0,0,0,1,0
L,302.6,310.3,1365,49.0,59,1,0,1,0,0,0
L,302.7,310.5,1329,52.7,195,1,0,1,0,0,0
L,303.2,311.4,1363,54.6,226,1,0,1,0,1,0
L,303.0,311.3,1347,54.7,192,1,0,1,0,1,0
L,297.4,308.7,1362,56.4,119,1,0,0,0,1,0
L,298.8,310.0,1326,61.9,104,1,0,0,0,0,0
H,302.0,310.6,1418,46.5,207,1,0,0,0,0,0
L,303.8,313.0,1480,41.4,210,1,0,1,0,0,0
L,303.2,311.4,1332,51.2,31,1,0,1,0,0,0
L,304.0,312.9,1363,62.5,200,1,0,0,0,0,0
L,302.7,310.6,1385,47.7,199,1,0,1,0,0,0
H,300.8,310.2,1364,65.3,208,1,1,0,1,1,0
L,302.7,310.5,1351,41.8,135,1,0,0,0,0,0
L,302.2,310.1,1458,45.1,92,1,0,0,0,0,0
L,302.1,311.3,1336,62.4,135,1,0,1,0,0,0
L,298.4,308.2,1336,56.2,196,1,0,0,0,1,0
L,298.0,308.7,1477,38.8,181,1,0,0,0,0,0
L,301.7,310.9,1459,37.6,207,1,1,0,0,0,0
L,303.8,312.7,1337,57.8,159,1,0,0,0,1,0
L,300.7,310.9,1356,65.3,66,1,0,0,0,0,0
L,299.3,308.9,1639,69.4,119,1,0,0,1,0,0
L,297.5,308.3,1367,54.3,207,1,0,0,0,1,0
L,302.4,310.1,1378,54.5,106,1,0,1,0,0,0
L,302.5,311.6,1369,54.1,41,1,0,1,0,0,0
L,302.5,310.6,1379,48.4,144,1,0,1,0,0,0
L,297.6,308.4,2833,5.8,71,1,0,0,1,0,0
L,297.3,308.2,1396,48.7,212,1,1,0,0,1,0
L,300.7,311.7,1323,61.4,3,1,0,0,0,1,0
L,303.1,311.3,1341,42.0,172,1,0,1,0,0,0
L,303.4,311.6,1341,52.4,68,1,0,1,0,0,0
L,300.6,311.8,1372,60.1,212,1,0,0,0,1,0
L,299.8,309.5,1685,28.4,225,1,1,0,0,0,0
L,299.2,308.1,1242,67.6,117,1,0,0,1,0,0
M,300.4,311.0,1433,46.1,199,1,0,0,0,0,0
H,303.8,312.5,1377,46.6,198,1,0,1,0,0,0
L,302.1,310.6,1348,48.4,161,1,0,1,0,0,0
L,302.6,312.1,1288,39.4,0,1,0,0,0,0,0
M,298.5,309.8,1404,41.7,209,1,1,0,0,0,0
H,300.4,311.4,1326,56.2,125,1,0,0,0,0,0
L,297.2,308.1,1407,63.6,172,1,0,0,1,1,0
L,302.4,310.2,1379,53.4,94,1,0,1,0,0,0
H,298.8,309.9,1530,38.6,40,1,0,0,0,0,0
L,297.4,308.7,1544,4.2,118,1,0,0,1,0,0
L,302.1,310.7,1373,55.0,8,1,0,1,0,0,0
L,301.3,311.1,1373,53.4,197,1,0,1,0,0,0
M,298.0,307.5,1524,36.3,98,1,0,0,0,1,0
L,303.3,311.4,1497,46.0,234,1,0,0,0,0,0
L,300.4,311.6,1549,76.6,3,1,0,0,0,0,0
L,303.7,312.3,1375,55.9,98,1,0,1,0,0,0
L,299.3,308.9,1258,69.4,119,1,0,0,1,1,0
L,302.0,310.0,1270,65.9,179,1,0,1,0,0,0
L,299.1,308.8,1320,54.7,20,1,0,0,0,0,0
M,303.4,312.6,1390,9.8,65,1,0,0,1,0,0
L,301.9,310.6,1378,68.6,85,1,0,0,0,0,0
L,301.6,310.7,1380,44.4,216,1,0,0,0,1,0
H,303.8,312.7,1369,50.0,137,1,0,1,0,0,0
L,299.2,308.5,1295,62.3,101,1,0,0,1,0,0
L,300.2,310.2,1378,61.9,191,1,0,0,0,1,0
M,303.4,311.8,1341,47.0,204,1,0,1,0,0,0
L,300.6,311.1,1371,54.4,24,1,0,0,0,1,0
L,303.4,311.9,1377,52.3,34,1,0,1,0,0,0
L,302.2,311.0,1309,60.2,191,1,0,0,0,1,0
M,303.5,312.0,1372,42.9,85,1,0,1,0,0,0
L,299.7,309.5,1352,49.7,184,1,0,0,0,1,0
L,299.7,310.7,1362,50.6,192,1,0,0,0,1,0
L,300.6,310.3,1183,68.0,92,1,0,0,0,0,0
L,297.8,308.9,1871,25.6,200,1,0,0,0,0,0
L,301.2,310.2,2886,4.8,119,1,0,0,1,0,0
L,301.7,310.2,1309,55.7,8,1,0,1,0,0,0
M,302.4,310.1,1227,68.2,114,1,0,1,0,0,0
L,302.6,311.0,1563,60.0,93,1,0,0,0,0,0
L,298.8,309.7,1294,61.3,216,1,0,0,0,1,0
M,302.0,310.4,1306,48.0,82,1,0,1,0,0,0
M,300.1,309.0,1435,47.7,149,1,0,0,0,0,0
L,303.4,312.1,1435,45.9,87,1,0,0,0,0,0
L,303.3,311.4,1307,54.6,232,1,0,1,0,1,0
L,300.7,310.6,1724,25.8,0,1,1,0,0,0,0
L,300.6,310.4,1416,61.8,209,1,0,0,0,1,0
L,298.6,309.5,1305,61.7,189,1,0,0,1,1,0
M,302.3,310.1,1379,48.9,98,1,0,1,0,0,0
L,302.4,310.7,1442,48.0,157,1,0,0,0,1,0
H,300.6,309.4,1559,47.6,92,1,0,0,0,0,0
L,297.2,307.9,1326,75.4,5,1,0,0,1,0,0
L,299.2,308.5,1378,50.4,5,1,0,0,0,0,0
M,302.3,310.1,1333,52.1,44,1,0,1,0,0,0
L,302.3,311.1,1369,48.7,0,1,0,1,0,0,0
L,300.5,311.9,1429,45.8,212,1,1,0,0,0,0
M,300.9,310.7,1362,53.1,187,1,0,1,0,0,0
M,300.9,310.7,2706,54.0,73,1,0,0,1,0,0
H,300.6,309.4,1380,47.6,246,1,0,0,0,1,0
L,303.3,311.8,1363,45.9,18,1,0,1,0,0,0
L,302.9,311.1,1361,45.3,135,1,0,1,0,0,0
L,304.0,312.7,1349,56.0,110,1,0,0,0,0,0
L,299.1,310.2,1435,48.8,229,1,0,0,0,1,0
H,300.7,310.2,1642,33.2,208,1,1,0,0,0,0
L,300.5,312.0,1366,61.3,106,1,0,0,1,0,0
L,298.9,309.6,1422,49.9,202,1,1,0,0,0,0
L,301.5,311.1,1349,61.6,174,1,0,0,1,0,0
L,298.6,309.7,1521,48.2,206,1,0,0,0,1,0
L,297.0,307.8,1400,56.1,200,1,0,0,0,1,0
L,299.3,309.1,1471,47.8,187,1,0,0,0,1,0
H,303.8,312.9,1378,45.6,184,1,0,0,0,0,0
L,302.0,310.6,1375,48.9,156,1,0,1,0,0,0
L,304.1,313.1,1372,57.3,62,1,0,0,1,0,0
L,299.6,310.7,1523,41.7,205,1,1,0,0,0,0
L,302.5,311.0,1365,51.1,149,1,0,1,0,0,0
L,297.9,307.8,1352,47.9,203,1,0,0,0,1,0
L,296.8,308.1,1289,62.0,199,1,1,0,0,0,0
L,300.7,310.4,1710,27.8,209,1,0,0,0,0,0
L,300.1,311.4,2579,12.5,64,1,0,0,1,0,0
L,298.4,309.6,1524,46.4,163,1,0,0,0,0,0
M,300.5,311.1,1296,61.3,202,1,0,0,0,0,0
L,302.3,310.2,1329,50.0,154,1,0,1,0,0,0
L,300.9,310.7,1412,57.5,16,1,0,0,0,1,0
M,302.1,310.7,1342,49.2,2,1,0,1,0,0,0
L,298.9,310.5,1450,48.7,207,1,0,0,0,0,0
M,298.4,308.0,1316,58.2,198,1,1,0,0,0,0
M,303.4,312.6,1452,41.5,65,1,0,0,0,0,0
L,302.7,310.6,1626,35.2,205,1,0,0,0,0,0
M,300.3,311.7,1474,43.8,222,1,1,0,0,0,0
L,300.8,310.7,2495,13.8,203,1,1,0,0,0,0
L,304.0,312.9,2344,62.9,202,1,0,0,0,1,0
M,301.7,309.8,1284,68.2,207,1,1,1,1,0,0
L,302.5,310.2,1307,54.0,44,1,0,1,0,0,0
L,302.4,310.5,1345,46.4,127,1,0,1,0,0,0
M,302.4,311.1,1329,48.6,111,1,0,1,0,0,0
L,302.4,310.1,1359,55.8,29,1,0,1,0,0,0
M,301.9,310.9,1376,55.0,197,1,0,0,0,1,0
L,300.1,309.3,1559,33.3,193,1,1,0,0,0,0
L,298.4,309.6,1710,34.6,163,1,0,0,0,0,0
H,300.7,310.2,1498,49.3,208,1,1,0,1,0,0
M,301.9,310.4,1357,47.3,195,1,0,1,0,0,0
M,297.4,308.8,1538,36.9,204,1,1,0,0,0,0
L,297.2,308.1,2861,3.8,225,1,0,0,1,0,0
L,301.9,310.1,1331,45.9,180,1,0,1,0,0,0
L,299.3,308.9,1450,69.4,119,1,0,0,0,1,0
L,297.9,307.8,1258,69.8,89,1,0,0,0,1,0
M,298.7,309.1,1367,55.5,200,1,1,0,0,1,0
M,303.5,312.0,1353,51.7,86,1,0,1,0,0,0
L,302.4,310.1,1378,46.6,187,1,0,1,0,0,0
L,297.4,308.2,1297,60.5,192,1,0,0,0,1,0
L,302.4,311.0,1373,48.2,186,1,0,1,0,0,0
L,302.5,310.2,1307,54.0,86,1,0,0,0,0,0
L,302.6,311.0,1412,68.0,114,1,0,1,1,0,0
M,298.5,309.6,1502,39.4,84,1,0,0,1,0,0
L,297.7,308.7,1249,60.4,208,1,0,0,0,0,0
L,301.7,311.0,1343,67.9,21,1,0,0,0,1,0
L,297.8,308.9,1871,38.1,200,1,1,0,0,0,0
L,302.2,311.0,2659,11.4,23,1,0,0,1,0,0
L,300.3,310.2,1362,41.5,9,1,0,0,0,0,0
L,302.4,310.2,1398,52.7,194,1,0,1,0,1,0
L,297.7,309.0,1403,45.3,0,1,0,0,0,0,0
L,301.7,310.6,1426,49.5,216,1,1,0,0,0,0
L,302.2,310.6,1346,63.9,109,1,0,1,1,0,0
L,300.8,310.7,1339,59.2,203,1,0,0,0,1,0
L,296.4,307.4,1515,5.6,213,1,0,0,0,0,0
L,301.8,310.3,1376,55.1,162,1,0,0,0,0,0
H,300.5,311.6,1372,68.2,67,1,0,0,1,0,0
L,303.3,311.3,1397,69.4,215,1,0,0,1,0,0
M,298.0,307.8,1331,68.0,153,1,0,0,1,0,0
L,299.2,310.4,1298,69.4,37,1,0,0,0,1,0
L,303.0,311.2,1385,50.0,101,1,0,1,0,0,0
L,300.4,311.2,1326,61.9,203,1,0,0,0,1,0
L,303.5,312.1,1363,52.5,139,1,0,1,0,0,0
L,297.3,308.2,1521,52.7,212,1,0,0,0,0,0
L,299.8,311.2,2721,40.0,172,1,0,0,1,0,0
L,301.8,310.0,1293,63.9,187,1,0,1,0,0,0
L,302.4,311.0,1338,67.6,9,1,0,0,1,0,0
L,302.4,310.8,1361,52.3,155,1,0,1,0,0,0
L,303.5,311.6,1334,53.0,92,1,0,1,0,0,0
M,302.6,310.2,1337,56.8,119,1,1,1,0,0,0
L,301.6,310.1,1362,46.0,70,1,0,1,0,0,0
M,301.4,310.6,1368,63.7,92,1,0,0,1,0,0
M,301.3,311.3,2377,15.0,171,1,0,0,1,0,0
L,300.5,311.8,1550,57.9,176,1,0,0,0,0,0
M,300.4,309.8,1329,55.2,0,1,0,0,0,1,0
L,302.2,310.9,1349,51.5,148,1,0,1,0,0,0
L,302.3,310.1,1383,52.7,134,1,0,1,0,0,0
M,302.4,310.4,1355,45.6,164,1,0,1,0,0,0
L,302.5,310.8,1374,44.3,142,1,0,1,0,0,0
M,302.4,310.1,1379,52.7,136,1,0,1,0,0,0
L,303.4,312.4,1449,66.8,104,1,0,0,1,0,0
L,295.6,306.1,1256,71.4,119,1,0,0,1,0,0
M,302.1,310.0,1355,45.1,23,1,0,0,0,0,0
M,300.7,310.6,1701,26.1,0,1,1,0,0,0,0
L,297.2,308.1,1431,49.7,171,1,0,0,0,0,0
L,297.3,308.0,1327,65.1,165,1,0,0,0,1,0
L,298.7,309.6,1282,62.7,196,1,0,0,0,1,0
L,302.7,310.6,1344,43.0,203,1,0,1,0,0,0
H,302.6,310.5,1379,54.3,172,1,0,1,0,0,0
L,303.3,311.4,1497,43.8,234,1,1,0,0,0,0
L,300.3,310.7,1366,53.3,125,1,0,0,0,0,0
L,301.3,310.1,1355,56.8,195,1,0,0,0,1,0
M,298.3,308.7,1445,60.7,119,1,0,0,1,0,0
M,300.9,309.4,1342,62.4,113,1,0,1,0,0,0
M,298.0,309.4,1280,64.1,50,1,0,0,0,0,0
L,303.8,313.1,2497,13.0,137,1,0,0,0,0,0
L,300.9,310.8,1708,29.1,14,1,0,0,1,0,0
L,300.8,310.1,1405,61.2,155,1,0,0,1,1,0
L,300.9,310.7,1368,62.0,12,1,0,0,0,1,0
L,302.3,311.2,1373,62.5,203,1,0,0,0,0,0
L,298.0,308.7,1268,53.8,91,1,0,0,0,1,0
L,299.8,311.2,1377,53.6,143,1,0,0,0,1,0
M,302.0,310.5,1365,61.5,86,1,0,1,0,0,0
L,301.8,310.1,1446,62.8,22,1,0,1,0,0,0
L,301.3,310.7,1372,51.0,86,1,0,1,0,0,0
L,297.4,309.3,1312,63.7,111,1,0,0,1,0,0
L,301.0,310.9,1379,54.0,199,1,0,0,0,1,0
L,299.0,309.9,1373,55.7,171,1,0,0,0,0,0
L,302.3,310.2,1339,46.8,22,1,0,1,0,0,0
L,298.2,308.2,1491,39.5,218,1,0,0,0,0,0
L,300.7,311.3,1270,61.8,100,1,0,0,0,0,0
L,299.2,308.9,1326,53.8,195,1,0,0,0,1,0
H,297.5,309.0,1258,69.6,89,1,0,0,1,0,0
L,302.0,310.5,1346,48.2,50,1,0,1,0,0,0
M,302.0,310.8,1724,29.0,235,1,0,0,0,0,0
M,303.0,311.2,1335,53.6,164,1,0,1,0,0,0
L,302.7,310.6,1359,56.0,207,1,0,0,0,1,0
L,303.6,312.7,1367,56.0,172,1,0,1,0,0,0
L,302.0,309.9,1308,57.6,85,1,0,1,1,0,0
L,297.6,309.1,1356,47.6,220,1,0,1,0,0,0
M,301.0,309.6,2567,12.1,222,1,0,0,1,1,0
L,301.9,310.4,1370,41.7,148,1,0,1,0,0,0
L,302.8,312.4,1454,59.9,234,1,0,0,0,1,0
L,302.0,310.9,1360,45.2,12,1,0,1,0,0,1
L,302.6,310.3,1351,57.4,14,1,0,1,0,0,0
M,302.4,310.3,1376,48.6,17,1,0,1,0,0,0
L,302.0,310.6,1325,61.1,192,1,0,0,0,1,0
L,299.0,310.0,1384,58.7,212,1,1,0,0,0,0
L,299.8,309.3,1364,53.8,212,1,0,0,0,1,0
L,301.7,311.0,1441,44.3,208,1,0,0,0,0,0
H,296.6,307.5,1549,35.8,206,1,0,0,0,0,0
L,302.3,310.1,1321,52.7,148,1,0,1,0,0,0
M,302.3,310.9,1365,56.8,218,1,0,1,0,0,0
L,299.2,310.7,1617,27.0,225,1,0,0,0,0,0
L,301.2,310.9,1339,52.4,30,1,0,0,0,0,0
L,300.7,310.4,1416,61.8,209,1,0,0,0,1,0
L,301.7,311.2,1385,50.7,195,1,0,0,0,0,0
L,303.2,311.4,1238,52.1,226,1,0,1,0,1,0
L,297.2,308.3,2584,12.6,165,1,0,0,1,0,0
L,299.8,309.5,1280,48.5,51,1,0,0,0,0,0
L,303.1,311.2,1368,54.5,25,1,0,1,0,0,0
L,303.9,312.6,1369,45.3,125,1,0,1,0,0,0
L,297.4,308.4,1569,38.1,220,1,0,0,0,0,0
H,296.9,307.8,1611,35.8,206,1,0,0,0,0,0
M,298.9,308.2,1372,63.6,127,1,0,0,0,0,0
M,302.0,310.0,1586,35.2,146,1,0,0,0,0,0
L,298.0,308.5,1662,28.3,220,1,1,0,0,0,0
L,297.7,308.1,1367,62.2,172,1,0,0,0,1,0
L,297.3,308.1,1376,56.9,204,1,0,0,0,0,0
M,301.9,311.2,1368,56.8,187,1,0,0,0,0,0
L,301.5,310.8,1355,57.8,195,1,0,0,0,0,0
L,303.7,312.8,1404,53.3,35,1,0,0,0,0,0
M,302.1,310.7,1364,51.7,77,1,0,1,0,0,0
L,299.0,310.2,1529,62.5,176,1,0,0,0,0,0
L,301.0,310.6,1493,41.9,206,1,1,0,0,0,0
M,303.0,311.2,1378,43.2,5,1,0,1,0,0,0
L,300.2,309.8,1298,65.5,13,1,0,0,0,1,0
L,298.6,309.8,2271,44.2,218,1,1,0,0,0,0
M,302.1,310.1,1342,50.4,145,1,0,1,0,0,0
L,300.5,311.8,1524,38.9,214,1,1,0,0,1,0
L,302.7,311.0,1410,61.8,195,1,0,0,0,1,0
M,299.2,308.7,1401,47.2,198,1,1,0,0,0,0
L,302.5,310.4,1351,58.2,198,1,0,1,0,0,0
M,302.5,311.2,1353,51.7,70,1,0,1,0,0,0
M,302.6,310.2,1377,66.8,100,1,0,1,1,0,0
L,300.9,311.0,1463,40.0,149,1,0,0,0,0,0
L,299.0,308.6,1296,62.7,100,1,0,0,0,1,0
L,300.5,310.3,2633,12.1,202,1,0,0,1,0,0
L,298.3,309.4,1229,62.1,20,1,0,0,0,1,0
L,298.5,309.4,1373,56.2,207,1,0,0,0,1,0
L,299.3,308.8,1341,47.7,199,1,0,0,0,1,0
L,301.9,310.6,1331,68.6,87,1,0,0,0,0,0
L,303.5,312.4,1559,70.6,94,1,0,0,1,0,0
L,302.0,310.5,1358,50.3,177,1,0,1,0,0,0
L,297.3,308.1,1615,35.4,217,1,0,0,0,0,0
H,298.6,309.9,1867,24.4,40,1,0,0,0,0,0
L,298.6,309.8,2271,16.2,150,1,0,0,0,0,0
L,301.0,311.1,1399,64.4,177,1,0,0,0,1,0
M,302.6,311.0,1296,61.9,106,1,0,0,1,0,0
L,300.0,311.5,1812,28.3,2,1,0,0,1,0,0
L,301.0,310.8,1369,59.1,192,1,0,0,1,0,0
L,296.9,308.0,1380,57.3,11,1,0,0,0,1,0
L,300.5,311.8,1372,57.5,214,1,0,0,0,1,0
L,298.0,308.7,1429,69.4,189,1,0,0,1,1,0
L,299.8,309.4,1291,56.2,188,1,0,0,0,1,0
L,297.5,309.1,1315,63.6,213,1,0,0,0,1,0
M,298.2,308.3,1560,33.0,181,1,0,0,1,0,0
L,302.7,310.6,1379,44.3,0,1,0,1,0,0,0
M,302.4,311.8,1363,54.0,119,1,0,0,0,0,0
L,302.6,310.4,1355,55.1,21,1,0,1,0,0,0
M,303.4,311.9,1298,61.0,59,1,0,1,0,0,0
M,303.4,311.8,1362,50.9,69,1,0,1,0,0,0
L,300.8,310.7,1339,52.7,203,1,0,0,0,1,0
M,301.4,310.8,1599,30.8,218,1,1,0,0,0,0
L,303.0,311.2,1341,51.0,186,1,0,1,0,0,0
L,301.9,311.0,2691,45.6,31,1,0,0,0,0,0
L,302.6,312.1,1499,35.0,215,1,1,0,0,0,0
L,303.3,311.4,1497,46.0,23,1,0,0,0,0,0
L,303.4,311.7,1374,47.3,31,1,0,1,0,0,0
L,299.0,310.2,1369,51.0,200,1,0,0,0,0,0
M,302.5,310.3,1375,49.0,172,1,0,1,0,0,0
L,300.3,311.8,1361,56.8,196,1,0,0,0,1,0
L,302.4,310.1,1369,55.7,106,1,0,1,0,0,0
L,302.0,310.4,1357,58.0,235,1,1,0,0,0,0
H,298.8,308.9,1339,49.6,134,1,0,0,0,0,0
L,300.5,311.4,1374,48.8,11,1,0,0,0,0,0
L,303.1,311.2,1349,54.2,234,1,0,1,0,1,0
L,299.3,309.1,1470,41.1,118,1,0,0,0,1,0
L,299.1,308.8,1654,30.7,207,1,0,0,0,0,0
L,300.8,310.9,1236,69.8,215,1,0,0,0,0,0
L,301.0,310.9,1365,67.9,20,1,0,0,1,0,0
L,302.7,310.9,1358,48.7,161,1,0,1,0,0,0
H,302.5,310.9,1356,55.5,101,1,0,0,0,0,0
M,301.9,310.9,1365,60.3,73,1,0,0,0,0,0
L,302.0,310.8,1354,51.2,101,1,0,1,0,0,0
L,301.0,311.0,1378,51.1,188,1,0,0,0,1,0
H,302.4,310.9,1344,57.4,187,1,0,1,0,1,0
L,298.9,310.1,2672,12.2,83,1,0,0,1,0,0
H,302.6,311.5,1547,37.2,59,1,0,0,0,0,0
L,300.2,311.0,1436,71.8,149,1,0,0,1,0,0
L,303.3,311.2,1350,44.6,197,1,0,1,0,0,0
L,302.4,310.2,1346,62.4,2,1,0,0,0,0,0
L,296.9,307.9,1367,57.1,204,1,0,0,0,1,0
M,303.7,312.6,1357,48.1,124,1,0,1,0,0,0
L,299.1,310.0,1358,45.0,20,1,0,0,0,0,0
L,300.5,310.5,1374,52.7,64,1,0,0,0,1,0
L,300.8,310.7,1339,59.3,203,1,0,0,0,1,0
L,302.0,311.0,1348,62.7,49,1,0,0,1,0,0
L,303.3,311.4,1359,47.2,0,1,0,1,0,0,0
L,300.3,310.3,1362,60.3,7,1,0,0,0,0,0
M,300.9,309.4,1372,62.4,113,1,0,1,0,0,0
L,301.9,310.8,1362,49.8,229,1,0,1,0,0,0
L,302.7,311.1,1361,48.1,142,1,0,1,0,0,0
L,298.3,308.0,1258,65.1,198,1,0,0,1,1,0
M,297.4,308.9,1352,48.1,163,1,0,0,0,0,0
L,302.7,310.5,1351,41.8,179,1,0,0,0,0,0
L,298.1,309.0,1428,36.7,188,1,1,0,0,0,0
L,300.8,309.9,1331,61.2,192,1,0,0,0,0,0
M,302.5,310.5,1379,54.8,40,1,0,1,0,0,0
M,301.7,310.0,1274,68.1,198,1,0,1,1,0,0
M,299.0,310.3,1303,68.6,111,1,0,0,0,0,0
L,300.5,311.1,1351,55.2,165,1,0,1,0,0,0
L,301.0,310.5,1379,57.3,204,1,1,0,0,0,0
M,302.5,311.1,1346,43.0,11,1,0,0,0,0,0
L,301.9,310.8,1386,44.8,62,1,0,0,0,1,0
L,299.1,308.8,1508,37.4,20,1,0,0,0,0,0
M,302.4,310.9,1378,54.6,170,1,0,1,0,1,0
L,302.0,310.9,1378,53.1,212,1,0,0,1,1,0
L,303.8,312.8,1410,48.0,143,1,0,0,0,0,0
L,299.1,310.4,1362,56.2,96,1,0,0,0,1,0
L,299.1,310.3,1396,45.9,218,1,1,0,0,0,0
L,300.4,310.8,1397,55.7,156,1,0,0,0,0,0
M,303.6,312.8,1369,54.4,2,1,0,0,0,0,0
L,301.8,310.5,1202,66.7,92,1,0,0,0,1,0
L,299.1,310.1,1369,52.0,229,1,0,0,0,0,0
L,303.5,312.3,1432,40.2,215,1,1,0,0,0,0
L,297.2,308.4,1431,49.7,210,1,0,0,0,1,0
L,303.4,312.0,1470,35.9,90,1,0,0,0,0,0
L,302.4,310.2,1339,51.6,29,1,0,1,0,0,0
L,301.8,309.8,1442,45.3,233,1,0,0,0,0,0
L,299.2,310.7,1369,47.2,225,1,0,0,0,0,0
L,302.5,311.2,1378,45.8,86,1,0,1,0,0,0
L,301.4,311.3,2323,13.9,50,1,0,0,1,0,0
L,300.6,311.9,1524,36.9,212,1,1,0,0,0,0
M,300.2,311.6,1421,52.0,210,1,1,0,0,1,0
L,298.9,309.1,2861,4.6,148,1,0,0,1,0,0
H,298.8,309.9,1439,45.2,17,1,0,0,0,0,0
L,302.2,310.4,1372,53.9,73,1,0,1,0,0,0
L,302.2,311.2,1270,65.3,6,1,0,0,1,0,0
L,300.3,309.3,1326,58.2,192,1,0,0,0,1,0
L,302.6,310.5,1379,50.3,201,1,0,1,0,0,0
L,299.1,308.5,1478,50.4,220,1,0,0,0,1,0
M,302.4,310.1,1341,51.2,97,1,0,1,0,0,0
L,301.7,309.9,1364,56.9,71,1,0,1,0,0,0
L,300.0,309.0,1354,40.4,88,1,0,0,0,0,0
L,302.5,310.4,1359,57.2,67,1,0,1,0,0,0
L,297.4,308.3,1801,26.9,11,1,0,0,0,0,0
L,299.2,310.7,1737,26.2,225,1,0,0,0,0,0
L,302.4,310.2,1325,45.2,225,1,1,1,0,0,0
L,301.1,311.6,1431,72.3,208,1,0,0,1,0,0
L,302.4,312.0,1378,54.9,206,1,0,0,0,1,0
H,300.5,309.5,1397,45.9,17,1,0,0,0,0,0
H,303.4,311.5,1375,54.0,22,1,0,1,0,0,0
L,300.1,309.4,1541,37.8,148,1,1,0,0,0,0
M,302.7,311.1,1297,60.7,197,1,0,0,0,1,0
H,300.5,310.2,1297,58.2,153,1,1,0,0,0,0
L,300.6,311.9,1515,35.9,212,1,0,0,0,0,0
L,302.1,310.7,1325,45.1,204,1,0,1,0,0,0
M,300.0,310.8,1359,52.1,163,1,0,0,0,0,0
L,302.4,311.8,1357,51.7,122,1,0,1,0,0,0
L,303.2,311.4,1358,46.2,87,1,0,1,0,0,0
L,297.6,309.2,1396,50.0,159,1,0,0,0,1,0
L,302.0,310.4,1331,59.8,105,1,0,1,0,0,0
L,300.7,311.1,2478,41.1,170,1,0,0,0,0,0
L,302.2,311.4,1333,66.7,205,1,0,0,1,1,0
L,297.7,308.5,1503,38.0,179,1,1,0,0,0,0
M,300.9,309.4,1342,62.4,113,1,0,1,0,0,0
L,299.5,309.4,1390,58.8,181,1,0,0,0,1,0
L,302.2,310.6,1337,56.8,159,1,0,1,0,1,0
L,302.6,312.1,1638,35.0,215,1,1,0,0,0,0
L,297.3,308.2,1553,33.5,208,1,1,0,0,0,0
L,299.1,310.6,1353,49.7,74,1,0,0,0,0,0
H,302.4,312.0,1286,62.3,162,1,0,0,1,0,0
L,302.6,310.5,1329,49.7,155,1,0,1,0,0,0
